baker,series,episode,technical,result,last_name,baker_age,baker_occupation,hometown,signature_bake,show_stopper
Annetha,1,1,2,IN,Mills,30,Midwife,Essex,Light Jamaican Black Cakewith Strawberries and Cream,"Red, White & Blue Chocolate Cake with Cigarellos, Fresh Fruit, and Cream"
David,1,1,3,IN,Chambers,31,Entrepreneur,Milton Keynes,Chocolate Orange Cake,"Black Forest Floor Gateauxwith Moulded Chocolate Leaves, Fallen Fruitand Chocolate Mushrooms Moulded from eggs"
Edd,1,1,1,IN,Kimber,24,Debt collector for Yorkshire Bank,Bradford,Caramel Cinnamon and Banana Cake,NA
Jasminder,1,1,NA,IN,Randhawa,45,Assistant Credit Control Manager,Birmingham,Fresh Mango and Passion Fruit Hummingbird Cake,NA
Jonathan,1,1,9,IN,Shepherd,25,Research Analyst,St Albans,Carrot Cake with Lime and Cream Cheese Icing,Three Tiered White and Dark Chocolate with Almond and Cherry
Louise,1,1,NA,IN,Brimelow,44,Police Officer,Manchester,Carrot and Orange Cake,"Never Fail Chocolate Sponge Cake,with Fresh Fruit, White & Chocolate Cigarello Border"
Miranda,1,1,8,IN,Browne,37,Food buyer for Marks & Spencer,"Midhurst, West Sussex","Triple Layered Brownie Meringue Cake
with Raspberry Cream",Three Tiered Chocolate Fudge Cake  with Handmade Chocolate Button Decorations
Ruth,1,1,NA,IN,Clemens,31,Retail manager/Housewife,"Poynton, Cheshire",Three Tiered Lemon Drizzle Cakewith Fresh Cream and freshly made Lemon Curd,Classic Chocolate Sponge wrapped in a Chocolate Collartopped with Handmade White and Dark Chocolate Truffles
Lea,1,1,10,OUT,Harris,51,Retired,"Midlothian, Scotland",Cranberry and Pistachio Cakewith Orange Flower Water Icing,Raspberries and Cream filled Chocolatewith Chocolate-dipped Fresh Fruit
Mark,1,1,NA,OUT,Whithers,48,Bus Driver,South Wales,Sticky Marmalade Tea Loaf,Heart-shaped Chocolate and Beetroot Cake with Store-Bought silver chocolate hearts and chocolate red and white roses.
David,1,2,8,IN,Chambers,31,Entrepreneur,Milton Keynes,Cheddar Cheese and Fresh Rosemary Biscuits,Choux Pastry Swans  Chocolate Profiteroles
Edd,1,2,6,IN,Kimber,24,Debt collector for Yorkshire Bank,Bradford,Oatmeal Raisin Cookie,Pink Macarons
Jasminder,1,2,2,IN,Randhawa,45,Assistant Credit Control Manager,Birmingham,Millionaires' Shortbread,Meringues with Chocolate and Space DustCoffee flavoured Eclairs
Jonathan,1,2,1,IN,Shepherd,25,Research Analyst,St Albans,Honey and Candied Ginger Cookies,Meringues with Whiskey Cream
Miranda,1,2,3,IN,Browne,37,Food buyer for Marks & Spencer,"Midhurst, West Sussex",Fresh Vanilla Biscuits with Royal Icing,Pistachio Macarons
Ruth,1,2,5,IN,Clemens,31,Retail manager/Housewife,"Poynton, Cheshire",Peanut Shortbread withSalted Peanut Caramel,Almond Macaron with Violet ButtercreamRaspberries and Cream Eclairs
Annetha,1,2,7,OUT,Mills,30,Midwife,Essex,Rose Petal Shortbread,Pink Swirl Macarons / Eclairs
Louise,1,2,4,OUT,Brimelow,44,Police Officer,Manchester,Stained Glass Window Shortbread,"Strawberry, Mint, and Cream Meringues  Chocolate Eclairs / Orange, Yellow and Pink Macarons"
Lea,1,2,NA,NA,NA,NA,NA,NA,NA,NA
Mark,1,2,NA,NA,NA,NA,NA,NA,NA,NA
David,1,3,4,IN,Chambers,31,Entrepreneur,Milton Keynes,Chilli Bread,"Walnut and Seed Roll
Red Berry and Almond Bun"
Edd,1,3,1,IN,Kimber,24,Debt collector for Yorkshire Bank,Bradford,Olive Bread,Tomato and Mozzarella
Jasminder,1,3,5,IN,Randhawa,45,Assistant Credit Control Manager,Birmingham,Focaccia,"Mango and Sultana Buns
Pan au Chocolat with Mars Bars
Tutti Frutti Wheel with Jelly Tots"
Miranda,1,3,3,IN,Browne,37,Food buyer for Marks & Spencer,"Midhurst, West Sussex",Walnut and Apricot Bread,"Lemon Iced Buns
Chocolate and Orange Buns"
Ruth,1,3,2,IN,Clemens,31,Retail manager/Housewife,"Poynton, Cheshire",Maple and Pecan Bread,"Chocolate and Orange Panettone
Cranberry Bagels"
Jonathan,1,3,6,OUT,Shepherd,25,Research Analyst,St Albans,"Anchovy, Sweet Paprika and Oregano Bread","Sticky Lemon Honey Bun
Olive and Anchovy Roll
Sundried Tomatoes and Fresh Herbs Roll
Stilton, Walnut and Apple Roll
Cinnamon and Cardamom Chelsea Bun"
Annetha,1,3,NA,NA,NA,NA,NA,NA,NA,NA
Lea,1,3,NA,NA,NA,NA,NA,NA,NA,NA
Louise,1,3,NA,NA,NA,NA,NA,NA,NA,NA
Mark,1,3,NA,NA,NA,NA,NA,NA,NA,NA
Edd,1,4,3,IN,Kimber,24,Debt collector for Yorkshire Bank,Bradford,Apple and Plum Pudding,"Apple and Cinnamon Crumble, Nutella Banana Brioche Bread Pudding, Rhubarb and Strawberry Suet Layer"
Jasminder,1,4,2,IN,Randhawa,45,Assistant Credit Control Manager,Birmingham,Sticky Toffee Pudding with Tropical Fruit & Toffee Sauce,"Bread & Butter Pudding, Treacle Suet Pudding with Fresh Fruit, Apple and Pineapple Crumble"
Miranda,1,4,1,IN,Browne,37,Food buyer for Marks & Spencer,"Midhurst, West Sussex",Sticky Toffee Pudding,"Queen of Puddings, Chocolate Pear Roly Poly, Strawberry and Rhubarb Crumble"
Ruth,1,4,4,IN,Clemens,31,Retail manager/Housewife,"Poynton, Cheshire",Peach and Blueberry Boy Bait,"Apple & Ginger Crumble, Rhubarb Suet Crust, Cherry Queen of Puddings"
David,1,4,5,OUT,Chambers,31,Entrepreneur,Milton Keynes,Pear and Walnut Pudding,"Apple and Blackberry Crumble, Rhubarb and Orange Betty, Suet Pear"
Annetha,1,4,NA,NA,NA,NA,NA,NA,NA,NA
Jonathan,1,4,NA,NA,NA,NA,NA,NA,NA,NA
Lea,1,4,NA,NA,NA,NA,NA,NA,NA,NA
Louise,1,4,NA,NA,NA,NA,NA,NA,NA,NA
Mark,1,4,NA,NA,NA,NA,NA,NA,NA,NA
Edd,1,5,2,IN,Kimber,24,Debt collector for Yorkshire Bank,Bradford,"Chicken, Ham, Leek and Tarragon Pie","Almond Sweet Pastry with Ginger and Chocolate  Raspberry Tart / Yorkshire Curd Tart  Chickpea and Salami, Red and Yellow Pepper, Asparagus Gruyere Quiche Canapés"
Miranda,1,5,1,IN,Browne,37,Food buyer for Marks & Spencer,"Midhurst, West Sussex","Summery Salmon, Cod and Prawn Fish Pie","Chocolate Pastry filled with Orange Cheesecake  Chocolate Pastry filled with Milk Chocolate Ganche  Strawberry Tart with Red Currant Glaze  Cheesy Crab, Broad Bean and Tomato, Pancetta Risotto Canapés"
Ruth,1,5,3,IN,Clemens,31,Retail manager/Housewife,"Poynton, Cheshire",Minced Beef Pie,"Raspberry and Dark Chocolate Tart  Creme Patisserie and Cherry Tart  Citrus Curd Tart with Creme Brulee top  Tomato, Asparagus Twirl Canapés"
Jasminder,1,5,4,OUT,Randhawa,45,Assistant Credit Control Manager,Birmingham,Chicken and Mushroom Pie,"Jaggery, Carrot, and Spiced Condensed Milk Tart  Fruit and Custard Tart  Thai Chili Red Onion, Duck in Plum Sauce, Salmon and Prawn Canapés"
Annetha,1,5,NA,NA,NA,NA,NA,NA,NA,NA
David,1,5,NA,NA,NA,NA,NA,NA,NA,NA
Jonathan,1,5,NA,NA,NA,NA,NA,NA,NA,NA
Lea,1,5,NA,NA,NA,NA,NA,NA,NA,NA
Louise,1,5,NA,NA,NA,NA,NA,NA,NA,NA
Mark,1,5,NA,NA,NA,NA,NA,NA,NA,NA
Miranda,1,6,NA,Runner-up,Browne,37,Food buyer for Marks & Spencer,"Midhurst, West Sussex",Lemon Cupcake,Eliminated after signature
Ruth,1,6,NA,Runner-up,Clemens,31,Retail manager/Housewife,"Poynton, Cheshire","Mint, Ginger and Blackberry Cake",NA
Edd,1,6,NA,WINNER,Kimber,24,Debt collector for Yorkshire Bank,Bradford,Cinnamon and Banana Cake,NA
Annetha,1,6,NA,NA,NA,NA,NA,NA,NA,NA
David,1,6,NA,NA,NA,NA,NA,NA,NA,NA
Jasminder,1,6,NA,NA,NA,NA,NA,NA,NA,NA
Jonathan,1,6,NA,NA,NA,NA,NA,NA,NA,NA
Lea,1,6,NA,NA,NA,NA,NA,NA,NA,NA
Louise,1,6,NA,NA,NA,NA,NA,NA,NA,NA
Mark,1,6,NA,NA,NA,NA,NA,NA,NA,NA
Ben,2,1,2,IN,Frazer,31,Graphic Designer,Northampton,Rhubarb and Custard CupcakesAfter Dinner Cupcakes,Vanilla Sponge with White Chocolate and Raspberry Buttercream
Ian,2,1,10,IN,Vallance,40,Fundraiser for English Heritage,"Dunstable, Bedfordshire",Apple and Cinnamon Cupcakes,NA
Janet,2,1,8,IN,Basu,63,Teacher of Modern Languages,"Formby, Liverpool",Raspberry and Cream Cupcakes,Chocolate Marble Cakewith Dark and White Chocolate Truffles
Jason,2,1,6,IN,White,19,Civil Engineering Student,Croydon,Lemon Meringue CupcakesApple and Cinnamon Cupcakes,NA
Joanne,2,1,11,IN,NA,NA,NA,NA,NA,NA
Mary-Anne,2,1,4,IN,Boermans,45,Housewife,"Kidderminster, Worcestershire",Banoffee Cupcakes,Chocolate and Raspberry Opera cake
Robert,2,1,3,IN,Billington,25,Photographer,London,Blackberry and Vanilla Cupcakeswith Liquorice Frosting,Genoise Layered Mousse Cakewith Chocolate Ganache
Simon,2,1,9,IN,Blackwell,31,Rugby Coach,Norfolk,Guinness and Chocolate Cupcakes,Two-Tiered Chocolate Courgette Cake
Urvashi,2,1,7,IN,Roe,40,Head of Marketing,"Enfield, London",Cherry Blossom CupcakesJapanese Lime Cupcakes,NA
Yasmin,2,1,5,IN,Limbert,43,Childminder,"West Kirby, The Wirral",Cardamom and Pomegranate Cupcakes,NA
Keith,2,1,12,OUT,Batsford,31,House husband,"Arlesey, Bedfordshire",Earl Grey Cupcakes,Chocolate and Sour Cream Cake
Holly,2,1,1,STAR BAKER,Bell,31,Advertising executive,Leicester,Cherry Bakewell Inspired CupcakesGinger Cupcakes with Fig Truffle,NA
Ben,2,2,1,IN,Frazer,31,Graphic Designer,Northampton,"Chorizo, Pepper and Gruyere Quiche",Lemon Meringue Tarts
Holly,2,2,4,IN,Bell,31,Advertising executive,Leicester,Pesto Quiche,Milk Chocolate and Pistachio TartsTrifle Tarts
Ian,2,2,2,IN,Vallance,40,Fundraiser for English Heritage,"Dunstable, Bedfordshire","Stilton, Spinach and New Potato Quichewith Paprika and Walnut Pastry",NA
Janet,2,2,8,IN,Basu,63,Teacher of Modern Languages,"Formby, Liverpool",Quiche Printanière,Red Fruit TartsChocolate and Cherry Tarts
Joanne,2,2,10,IN,NA,NA,NA,NA,NA,NA
Mary-Anne,2,2,9,IN,Boermans,45,Housewife,"Kidderminster, Worcestershire","Roasted Cauliflower, Cheese andCaramelised Onion Quiche",Butterscotch Brulée Tarts in Pecan PastryApple Rose Tarts
Robert,2,2,5,IN,Billington,25,Photographer,London,Smoked Bacon and Kale Quiche,"Chocolate, Fennel and Ginger TartAlmond, Creme Patissiere and Poached Pear Tart"
Urvashi,2,2,7,IN,Roe,40,Head of Marketing,"Enfield, London","Crab, Coriander and Coconut Quiche",Strawberry and Basil TartsElderflower and Honeycomb Tarts
Yasmin,2,2,6,IN,Limbert,43,Childminder,"West Kirby, The Wirral",Smoked Haddock and Watercress Quiche,Chocolate and Orange with Cinnamon-Orange Pastry TartsBlueberry and Hazelnut with Hazelnut Pastry Tarts
Simon,2,2,11,OUT,Blackwell,31,Rugby Coach,Norfolk,Smoked Haddock and Watercress Quiche,"Passion Fruit and Ricotta TartsSalted Chocolate, Stem Ginger and Mascarpone Cream Tarts"
Jason,2,2,3,STAR BAKER,White,19,Civil Engineering Student,Croydon,Salmon and Pak Choi Quiche,Mint Chocolate Tarts Blueberry Bakewell Tarts
Keith,2,2,NA,NA,NA,NA,NA,NA,NA,NA
Ben,2,3,3,IN,Frazer,31,Graphic Designer,Northampton,"Walnut, Raisin and Rosemary Loaf",NA
Holly,2,3,6,IN,Bell,31,Advertising executive,Leicester,Picnic Loaf,Stilton and Walnut Rolls
Janet,2,3,8,IN,Basu,63,Teacher of Modern Languages,"Formby, Liverpool",Zupfe Loaf with Gruyère Cheese,Apple and Walnut Granary Rolls Red Onion Cottage Rolls
Jason,2,3,7,IN,White,19,Civil Engineering Student,Croydon,Cheese and Onion Tear and Share Loaf,NA
Joanne,2,3,1,IN,NA,NA,NA,NA,NA,NA
Mary-Anne,2,3,5,IN,Boermans,45,Housewife,"Kidderminster, Worcestershire",Ploughman's Loaf,Herb and Walnut BreadsChocolate and Chilli Buns
Robert,2,3,4,IN,Billington,25,Photographer,London,Rye and Coriander Seed Loaf,Blueberry Brioche RollsLemon and Poppy Seed Rolls
Ian,2,3,10,OUT,Vallance,40,Fundraiser for English Heritage,"Dunstable, Bedfordshire","Courgette, Caerphilly Cheese and Thyme Loaf",Walnut and Raisin RollsCracked Wheat Logs
Urvashi,2,3,9,OUT,Roe,40,Head of Marketing,"Enfield, London",Salt and Peppercorn Loaf,Chilli and Halloumi RollsLemon and Coriander Mini Loaves
Yasmin,2,3,2,STAR BAKER,Limbert,43,Childminder,"West Kirby, The Wirral",Egyptian Dukkah Loaf with Mixed Spices,"Pesto Bread
Sweet Coconut Rolls"
Keith,2,3,NA,NA,NA,NA,NA,NA,NA,NA
Simon,2,3,NA,NA,NA,NA,NA,NA,NA,NA
Janet,2,4,4,IN,Basu,63,Teacher of Modern Languages,"Formby, Liverpool",Christmas Marzipan Biscuits,"Raspberry Macarons
Blackcurrant Macarons
Almond Macarons"
Joanne,2,4,8,IN,NA,NA,NA,NA,NA,NA
Mary-Anne,2,4,2,IN,Boermans,45,Housewife,"Kidderminster, Worcestershire",Melting Moments,Blackcurrant and Mint MacaronsGooseberry and Elderflower MacaronsHazelnut Macarons
Robert,2,4,7,IN,Billington,25,Photographer,London,Chocolate and Ginger Oat Biscuits,Strawberry and Lime MacaronsLemon MacaronsChocolate and Cardamom Macarons
Yasmin,2,4,6,IN,Limbert,43,Childminder,"West Kirby, The Wirral",Chocolate Chip and Pistachio Biscotti,Chocolate and Lime MacaronsCoffee and Walnut MacaronsPineapple and Coconut Macarons
Ben,2,4,5,OUT,Frazer,31,Graphic Designer,Northampton,Stem Ginger Nuts,Chocolate and Almond MacaronsPine Nut MacaronsPistachio Macarons
Holly,2,4,3,STAR BAKER,Bell,31,Advertising executive,Leicester,Strawberry and Custard Melts,"'Chocolate bars of my youth'
(Caramel Macarons, Mint Chocolate Macarons and Chocolate Orange Macarons)"
Jason,2,4,1,STAR BAKER,White,19,Civil Engineering Student,Croydon,Lebkuchen,"Mocktail Macarons
(Mojito, Cranberry Cooler, and Pina Colada)"
Ian,2,4,NA,NA,NA,NA,NA,NA,NA,NA
Keith,2,4,NA,NA,NA,NA,NA,NA,NA,NA
Simon,2,4,NA,NA,NA,NA,NA,NA,NA,NA
Urvashi,2,4,NA,NA,NA,NA,NA,NA,NA,NA
Holly,2,5,4,IN,Bell,31,Advertising executive,Leicester,"Stilton, Potato and Caramelised Onion Pie",Lime Meringue Pie
Joanne,2,5,6,IN,NA,NA,NA,NA,NA,NA
Mary-Anne,2,5,2,IN,Boermans,45,Housewife,"Kidderminster, Worcestershire",Chicken and Bacon Pie,Midnight Meringue
Yasmin,2,5,5,IN,Limbert,43,Childminder,"West Kirby, The Wirral",Family Fish Pie,Peach and Raspberry Meringue Pie
Jason,2,5,7,OUT,White,19,Civil Engineering Student,Croydon,Brown Down Chicken Pie,Plum Meringue Pie
Robert,2,5,3,OUT,Billington,25,Photographer,London,Chicken and Mushroom Pie,Rhubarb and Custard Meringue Pie
Janet,2,5,1,STAR BAKER,Basu,63,Teacher of Modern Languages,"Formby, Liverpool",Chicken and Chestnut Pie,Rhubarb Meringue Pie
Ben,2,5,NA,NA,NA,NA,NA,NA,NA,NA
Ian,2,5,NA,NA,NA,NA,NA,NA,NA,NA
Keith,2,5,NA,NA,NA,NA,NA,NA,NA,NA
Simon,2,5,NA,NA,NA,NA,NA,NA,NA,NA
Urvashi,2,5,NA,NA,NA,NA,NA,NA,NA,NA
Holly,2,6,3,IN,Bell,31,Advertising executive,Leicester,Father Christmas' Baked Cheesecake,Hansel and Gretel's Croquembouche
Janet,2,6,5,IN,Basu,63,Teacher of Modern Languages,"Formby, Liverpool",Rhubarb and Ginger Baked Cheesecake,Orange and Nougatine Croquembouche
Mary-Anne,2,6,4,IN,Boermans,45,Housewife,"Kidderminster, Worcestershire",Tutti Fruitti Curd Baked Cheesecake,Orange and Praline Croquembouche with Cardamom Caramel
Yasmin,2,6,2,OUT,Limbert,43,Childminder,"West Kirby, The Wirral",Baked Amaretto Cheesecake,Rose Croquembouche
Joanne,2,6,1,STAR BAKER,NA,NA,NA,NA,NA,NA
Ben,2,6,NA,NA,NA,NA,NA,NA,NA,NA
Ian,2,6,NA,NA,NA,NA,NA,NA,NA,NA
Jason,2,6,NA,NA,NA,NA,NA,NA,NA,NA
Keith,2,6,NA,NA,NA,NA,NA,NA,NA,NA
Robert,2,6,NA,NA,NA,NA,NA,NA,NA,NA
Simon,2,6,NA,NA,NA,NA,NA,NA,NA,NA
Urvashi,2,6,NA,NA,NA,NA,NA,NA,NA,NA
Holly,2,7,1,IN,Bell,31,Advertising executive,Leicester,"White Chocolate, Hazelnut and Raspberry Genoise Mousse Cake","Apricot, Macadamia and White Chocolate PinwheelsAlmond CroissantsApple, Raisin and Cinnamon Plaits"
Joanne,2,7,3,IN,NA,NA,NA,NA,NA,NA
Mary-Anne,2,7,2,IN,Boermans,45,Housewife,"Kidderminster, Worcestershire",Chocolate and Orange Mousse Cake,Raspberry Rose DanishesPraline SpiralsAlsatian Plaited Danishes
Janet,2,7,4,OUT,Basu,63,Teacher of Modern Languages,"Formby, Liverpool",Chocolate Amaretto Mousse Cake,Pain Aux RaisinPlain CroissantPain Au Chocolat
Ben,2,7,NA,NA,NA,NA,NA,NA,NA,NA
Ian,2,7,NA,NA,NA,NA,NA,NA,NA,NA
Jason,2,7,NA,NA,NA,NA,NA,NA,NA,NA
Keith,2,7,NA,NA,NA,NA,NA,NA,NA,NA
Robert,2,7,NA,NA,NA,NA,NA,NA,NA,NA
Simon,2,7,NA,NA,NA,NA,NA,NA,NA,NA
Urvashi,2,7,NA,NA,NA,NA,NA,NA,NA,NA
Yasmin,2,7,NA,NA,NA,NA,NA,NA,NA,NA
Holly,2,8,2,Runner-up,Bell,31,Advertising executive,Leicester,Banoffee Inspired Mille Feuille,Strawberry and Cream Meringue NestGooseberry and Elderflower 'Bakewell' TartsNeapolitan Ice-Cream Sandwich
Mary-Anne,2,8,3,Runner-up,Boermans,45,Housewife,"Kidderminster, Worcestershire",Lemon and Ginger Mille Feuille,Fruit Tarts with Elderflower CustardStrawberry and Rhubarb CheesecakesBlack Fruit Meringue with Everlasting Syllabub
Joanne,2,8,1,WINNER,NA,NA,NA,NA,NA,NA
Ben,2,8,NA,NA,NA,NA,NA,NA,NA,NA
Ian,2,8,NA,NA,NA,NA,NA,NA,NA,NA
Janet,2,8,NA,NA,NA,NA,NA,NA,NA,NA
Jason,2,8,NA,NA,NA,NA,NA,NA,NA,NA
Keith,2,8,NA,NA,NA,NA,NA,NA,NA,NA
Robert,2,8,NA,NA,NA,NA,NA,NA,NA,NA
Simon,2,8,NA,NA,NA,NA,NA,NA,NA,NA
Urvashi,2,8,NA,NA,NA,NA,NA,NA,NA,NA
Yasmin,2,8,NA,NA,NA,NA,NA,NA,NA,NA
Brendan,3,1,10,IN,Lynch,63,Recruitment consultant,Sutton Coldfield,"Plum, Sour Cherry & Walnut",NA
Cathryn,3,1,5,IN,Dresser,27,Shop assistant,"Pease Pottage, West Sussex","Apple, Hazelnut and Calvados",Hidden Cupcake Cake
Danny,3,1,7,IN,Bryden,45,Intensive care consultant,Sheffield,"Plum, Ginger & Orange",NA
James,3,1,2,IN,Morton,21,Medical student,"Hillswick, Shetland Islands","Parsnip, Pear, and Pecan","""Simmer Dim"" Sunset Cake"
John,3,1,11,IN,Whaite,22,Law student,Wigan,"Toffee Apple, Orange & Cranberry",Hidden Pink Hearts Cake
Manisha,3,1,6,IN,Parmar,27,Nursery nurse,Leicester,"Vanilla, Peach and Raspberry",White Chocolate Cake with a Red Velvet and White Chocolate Mousse Heart
Peter,3,1,3,IN,Maloney,43,Sales manager,"Windsor, Berkshire","Pear, Muscat & Chocolate",Jubilee Cake
Ryan,3,1,8,IN,Chong,38,Photographer,Bristol,Kumquat and Orange Polenta,Hidden Flowerbed Mousse Cake
Sarah-Jane,3,1,1,IN,Willis,28,Vicar's wife,"Bewbush, West Sussex","Pear, Chocolate and Hazelnut",Hidden Crown Cake
Stuart,3,1,9,IN,Marston-Smith,26,PE teacher,"Lichfield, Staffordshire",Tomato and Ginger,Lemon and Pistachio Union Flag Cake
Natasha,3,1,12,OUT,Stringer,36,Midwife,"Tamworth, Staffordshire",Pineapple & Passion Fruit,Mother's Day Layered Rose Cake
Victoria,3,1,4,STAR BAKER,Chester,50,CEO of the charity Plantlife,Somerset,Pear and Pecan,Blackbird Pie Cake
Brendan,3,2,4,IN,Lynch,63,Recruitment consultant,Sutton Coldfield,Middle Eastern Taboon BreadIndian Rotis,"Chocolate and Vanilla Bagels
Cumin and Gruyere Bagels"
Cathryn,3,2,8,IN,Dresser,27,Shop assistant,"Pease Pottage, West Sussex","Spiced Mango NaanLime, Coriander and Chilli Tortillas","Cranberry and Orange Bagels
Chipotle, Chili, and Smoked Cheddar Bagels"
Danny,3,2,3,IN,Bryden,45,Intensive care consultant,Sheffield,Lime Coriander and Coconut TortillasZaatar Naan with Dukkah,NA
James,3,2,2,IN,Morton,21,Medical student,"Hillswick, Shetland Islands","Tomato, Garlic, and Parmesan FlatbreadsTattie Scones","Orange, Mint and Chocolate Bagels
'Millers' Sourdough Bagels"
Manisha,3,2,6,IN,Parmar,27,Nursery nurse,Leicester,Indian FlatbreadsItalian Flatbreads,NA
Ryan,3,2,5,IN,Chong,38,Photographer,Bristol,Shanghai Spring Onion FlatbreadsGarlic and Coriander Naan,"Cinnamon and Date Bagels
Tarragon and Rosemary Bagels"
Sarah-Jane,3,2,10,IN,Willis,28,Vicar's wife,"Bewbush, West Sussex",Toasted Coconut and Lime RotisOatcakes,NA
Stuart,3,2,9,IN,Marston-Smith,26,PE teacher,"Lichfield, Staffordshire",Bombay BreadChorizo and Spring Onion Naan,"Cinnamon and Cranberry Bagels
Tomato and Thyme Bagels"
Victoria,3,2,7,IN,Chester,50,CEO of the charity Plantlife,Somerset,Coriander and Lemon NaanGarlic and Parsnip Chapatis,"Saffron and Golden Raisin Bagels
Porcini Bagels"
Peter,3,2,11,OUT,Maloney,43,Sales manager,"Windsor, Berkshire",Fennel and Nigella Seed NaanBannock Bread,"Rosemary and Sea Salt Bagels
Apple and Cinnamon Bagels"
John,3,2,1,STAR BAKER,Whaite,22,Law student,Wigan,"Coriander and Chilli RotisGarlic, Pomegranate and Potato Pitas","Fig, Walnut and Gruyere Bagels
Blueberry and White Chocolate Bagels"
Natasha,3,2,NA,NA,NA,NA,NA,NA,NA,NA
Brendan,3,3,9,IN,Lynch,63,Recruitment consultant,Sutton Coldfield,Apple and Ginger Tarte Tatin,"Blackberry, Nectarine and Dragon Fruit Tart"
Cathryn,3,3,3,IN,Dresser,27,Shop assistant,"Pease Pottage, West Sussex","Plum, Cherry and Five Spice Tarte Tatin","Raspberry, Pistachio and Lemon Tart"
Danny,3,3,2,IN,Bryden,45,Intensive care consultant,Sheffield,Savoury Pear and Roquefort Tarte Tatin,"Pineapple, Coconut and Frangipane Tart"
John,3,3,6,IN,Whaite,22,Law student,Wigan,Apple and Vanilla Tarte Tatin with Walnut Praline,"Berries, Grapes, Pomegranate, and Dragon Fruit Tart"
Manisha,3,3,10,IN,Parmar,27,Nursery nurse,Leicester,"Cinnamon, Apple and Pear Tarte Tatin",Rum and Tropical Fruit Tart
Ryan,3,3,5,IN,Chong,38,Photographer,Bristol,Spiced Pear Tarte Tatin,NA
Sarah-Jane,3,3,8,IN,Willis,28,Vicar's wife,"Bewbush, West Sussex",Caramelised Banana Tarte Tatin,French Apple Tart with Blackberry and Cassis Jam
Stuart,3,3,7,IN,Marston-Smith,26,PE teacher,"Lichfield, Staffordshire",Pear and Almond Tarte Tatin,Raspberry Triple Chocolate Layered Tart
Victoria,3,3,4,OUT,Chester,50,CEO of the charity Plantlife,Somerset,"Fig, Walnut and Pink Peppercorn Tarte Tatin",Tropical Fruit Tart with Black Pepper Crust
James,3,3,1,STAR BAKER,Morton,21,Medical student,"Hillswick, Shetland Islands",Apple and Lavender Tarte Tatin,"Rose, Lychee and Raspberry Fruit Tart"
Natasha,3,3,NA,NA,NA,NA,NA,NA,NA,NA
Peter,3,3,NA,NA,NA,NA,NA,NA,NA,NA
Cathryn,3,4,3,IN,Dresser,27,Shop assistant,"Pease Pottage, West Sussex","White Chocolate, Macadamia and Coffee Torte","Gooseberry, Almond and Honey Meringue"
Danny,3,4,2,IN,Bryden,45,Intensive care consultant,Sheffield,"Blackberry, White Chocolate, Lemon and Elderflower Torte","'Monte Bianco' Chestnut, Chocolate and Coffee Dacquoise"
James,3,4,5,IN,Morton,21,Medical student,"Hillswick, Shetland Islands","Hazelnut, Chocolate and Passionfruit Torte","Fig, Chestnut, Cherry and Chocolate Layered Meringue"
John,3,4,6,IN,Whaite,22,Law student,Wigan,'Torte Noir' Black Forest Torte with Boozy Cream,Elderflower and Bramble Berry Pavlova
Manisha,3,4,9,IN,Parmar,27,Nursery nurse,Leicester,"Almond, Chocolate and Cherry Torte",Tiramisu Layered Meringue Dessert
Ryan,3,4,7,IN,Chong,38,Photographer,Bristol,Green Tea Opera Torte,"Strawberry, Rose and Pistachio Meringue"
Sarah-Jane,3,4,4,IN,Willis,28,Vicar's wife,"Bewbush, West Sussex",Chocolate and Almond Truffle Torte,Hazelnut Tiramisu Layered Meringue
Stuart,3,4,8,OUT,Marston-Smith,26,PE teacher,"Lichfield, Staffordshire",Black Forest Torte,Choca Blocka Mocha Meringue
Brendan,3,4,1,STAR BAKER,Lynch,63,Recruitment consultant,Sutton Coldfield,Clementine and Chestnut Torte,"Pear, Chocolate and Hazelnut Dacquoise"
Natasha,3,4,NA,NA,NA,NA,NA,NA,NA,NA
Peter,3,4,NA,NA,NA,NA,NA,NA,NA,NA
Victoria,3,4,NA,NA,NA,NA,NA,NA,NA,NA
Brendan,3,5,3,IN,Lynch,63,Recruitment consultant,Sutton Coldfield,Salmon Coulibiac in a Scandinavian Pastry,All American Chiffon Pie
Cathryn,3,5,1,IN,Dresser,27,Shop assistant,"Pease Pottage, West Sussex",Full English Wellington,Chocolate and Peanut Butter Pumpkin Pie
Danny,3,5,7,IN,Bryden,45,Intensive care consultant,Sheffield,"Chickpea, Spinach & Mushroom Wellington",Trick or Treat Pumpkin Pie
James,3,5,6,IN,Morton,21,Medical student,"Hillswick, Shetland Islands",Four Pig Wellington,Sweet Potato Pie
John,3,5,2,IN,Whaite,22,Law student,Wigan,Venison and Haggis Wellington,Star-Spangled Pecan Pie
Sarah-Jane,3,5,4,IN,Willis,28,Vicar's wife,"Bewbush, West Sussex",Beef Wellington with Parma Ham and Gorgonzola Cheese,Chocolate and Banana Cream Pie
Manisha,3,5,5,OUT,Parmar,27,Nursery nurse,Leicester,Lamb Wellington with Rosemary and Mint,Banana Scotch Pie
Ryan,3,5,8,STAR BAKER,Chong,38,Photographer,Bristol,Curry Spiced Seabass Wellington,Key Lime Pie
Natasha,3,5,NA,NA,NA,NA,NA,NA,NA,NA
Peter,3,5,NA,NA,NA,NA,NA,NA,NA,NA
Stuart,3,5,NA,NA,NA,NA,NA,NA,NA,NA
Victoria,3,5,NA,NA,NA,NA,NA,NA,NA,NA
Cathryn,3,6,3,IN,Dresser,27,Shop assistant,"Pease Pottage, West Sussex","Chocolate Walnut Whip Puddings
Elderflower Sponges",Roasted Vegetable Couscous and Sheep Cheese Strudel
Danny,3,6,2,IN,Bryden,45,Intensive care consultant,Sheffield,Banoffee Puddings with Walnut Butterscotch SauceJubilee Chocolate Fondants,"Leek, Potato, Pistachio and Gruyère Strudel"
James,3,6,7,IN,Morton,21,Medical student,"Hillswick, Shetland Islands",Banana and Clove PuddingsClootie Dumplings,"Strawberry, Rhubarb and Ginger Strudel"
John,3,6,5,IN,Whaite,22,Law student,Wigan,Spicy Toffee PuddingsRaspberry and White Chocolate Puddings,Did not complete due to injury
Ryan,3,6,6,IN,Chong,38,Photographer,Bristol,Chocolate FondantsSticky Ginger and Date Puddings,"Apple, Sour Cherry, Raisin and Mixed Nuts Strudel"
Sarah-Jane,3,6,4,IN,Willis,28,Vicar's wife,"Bewbush, West Sussex",Sticky Toffee PuddingsGranny's Saucy Lemon Puddings,Sweet Strudel with Sour Cherries
Brendan,3,6,1,STAR BAKER,Lynch,63,Recruitment consultant,Sutton Coldfield,"Rhubarb, Strawberry and Ginger Puddings
Sticky Toffee Puddings","Spinach, Cheese and Walnut Strudel"
Manisha,3,6,NA,NA,NA,NA,NA,NA,NA,NA
Natasha,3,6,NA,NA,NA,NA,NA,NA,NA,NA
Peter,3,6,NA,NA,NA,NA,NA,NA,NA,NA
Stuart,3,6,NA,NA,NA,NA,NA,NA,NA,NA
Victoria,3,6,NA,NA,NA,NA,NA,NA,NA,NA
Brendan,3,7,4,IN,Lynch,63,Recruitment consultant,Sutton Coldfield,Chelsea Bunskis,Black Forest Christmas Stollen
Cathryn,3,7,5,IN,Dresser,27,Shop assistant,"Pease Pottage, West Sussex",Lady Arundel's Manchet Buns,Bonfire Night Tear 'n' Share Brioche
James,3,7,1,IN,Morton,21,Medical student,"Hillswick, Shetland Islands",Easter Chelsea Buns,Whisky Kugelhopf-Brioche Baba
John,3,7,3,IN,Whaite,22,Law student,Wigan,Cherry and Almond Saffron Buns,Marzipan Stollen
Ryan,3,7,6,OUT,Chong,38,Photographer,Bristol,Lardy Cakes,Char Siu Bao
Sarah-Jane,3,7,7,OUT,Willis,28,Vicar's wife,"Bewbush, West Sussex","Orange, Nutmeg and Saffron Buns",Sour Cherry and Dark Chocolate Christmas Plait
Danny,3,7,2,STAR BAKER,Bryden,45,Intensive care consultant,Sheffield,Bakewell Chelsea Buns,European Christmas Wreath
Manisha,3,7,NA,NA,NA,NA,NA,NA,NA,NA
Natasha,3,7,NA,NA,NA,NA,NA,NA,NA,NA
Peter,3,7,NA,NA,NA,NA,NA,NA,NA,NA
Stuart,3,7,NA,NA,NA,NA,NA,NA,NA,NA
Victoria,3,7,NA,NA,NA,NA,NA,NA,NA,NA
Brendan,3,8,2,IN,Lynch,63,Recruitment consultant,Sutton Coldfield,Multi-Seed Savoury Crackers,Fantasy Gingerbread Bird House
Danny,3,8,4,IN,Bryden,45,Intensive care consultant,Sheffield,Spiced Almond Drinks Crackers,Gingerbread Big Ben
John,3,8,3,IN,Whaite,22,Law student,Wigan,Asian Spice Crackers,Gingerbread Roman Coliseum
Cathryn,3,8,5,OUT,Dresser,27,Shop assistant,"Pease Pottage, West Sussex",Cheese and Pickle Crackers,Gingerbread Buckingham Palace
James,3,8,1,STAR BAKER,Morton,21,Medical student,"Hillswick, Shetland Islands","Smoky Cayenne, Cumin and Chilli Crackers",Gingerbread Barn
Manisha,3,8,NA,NA,NA,NA,NA,NA,NA,NA
Natasha,3,8,NA,NA,NA,NA,NA,NA,NA,NA
Peter,3,8,NA,NA,NA,NA,NA,NA,NA,NA
Ryan,3,8,NA,NA,NA,NA,NA,NA,NA,NA
Sarah-Jane,3,8,NA,NA,NA,NA,NA,NA,NA,NA
Stuart,3,8,NA,NA,NA,NA,NA,NA,NA,NA
Victoria,3,8,NA,NA,NA,NA,NA,NA,NA,NA
Brendan,3,9,3,IN,Lynch,63,Recruitment consultant,Sutton Coldfield,Coffee Meringue and Hazelnut CreamsApricot and Pistachio FriandsLime Curd Choux Pastry Cygnets,Gateau St. Honoré
John,3,9,2,IN,Whaite,22,Law student,Wigan,Lemon MadeleinesWhite Chocolate and Raspberry TartletsDark Chocolate and Cherry Macaroons,Gateau St. Honoré a la Passion
Danny,3,9,4,OUT,Bryden,45,Intensive care consultant,Sheffield,Blackberry and Peppermint MacaroonsMiniature Raspberry and Basil FinanciersOrange and White Chocolate Langues de Chat,Rosewater and Lychee St. Honoré
James,3,9,1,STAR BAKER,Morton,21,Medical student,"Hillswick, Shetland Islands","Lemon and Rhubarb TartletsChocolate Indulgence Petits FoursChilli, Lime and Raspberry Macaroons","Coffee, Caramel and Hazelnut Paris-Brest"
Cathryn,3,9,NA,NA,NA,NA,NA,NA,NA,NA
Manisha,3,9,NA,NA,NA,NA,NA,NA,NA,NA
Natasha,3,9,NA,NA,NA,NA,NA,NA,NA,NA
Peter,3,9,NA,NA,NA,NA,NA,NA,NA,NA
Ryan,3,9,NA,NA,NA,NA,NA,NA,NA,NA
Sarah-Jane,3,9,NA,NA,NA,NA,NA,NA,NA,NA
Stuart,3,9,NA,NA,NA,NA,NA,NA,NA,NA
Victoria,3,9,NA,NA,NA,NA,NA,NA,NA,NA
Brendan,3,10,2,Runner-up,Lynch,63,Recruitment consultant,Sutton Coldfield,Potato and Pepper Pithivier,Family Reunion Chiffon Cake
James,3,10,1,Runner-up,Morton,21,Medical student,"Hillswick, Shetland Islands",Spanish Pithivier with Chorizo and Red Pepper,United Chiffon Cakes
John,3,10,2,WINNER,Whaite,22,Law student,Wigan,Italian Sausage and Roasted Vegetable Pithivier,Heaven and Hell Chiffon Cake
Cathryn,3,10,NA,NA,NA,NA,NA,NA,NA,NA
Danny,3,10,NA,NA,NA,NA,NA,NA,NA,NA
Manisha,3,10,NA,NA,NA,NA,NA,NA,NA,NA
Natasha,3,10,NA,NA,NA,NA,NA,NA,NA,NA
Peter,3,10,NA,NA,NA,NA,NA,NA,NA,NA
Ryan,3,10,NA,NA,NA,NA,NA,NA,NA,NA
Sarah-Jane,3,10,NA,NA,NA,NA,NA,NA,NA,NA
Stuart,3,10,NA,NA,NA,NA,NA,NA,NA,NA
Victoria,3,10,NA,NA,NA,NA,NA,NA,NA,NA
Ali,4,1,11,IN,Imdad,25,Charity worker,"Saltley, Birmingham",Rose and Pistachio Cake,"Chocolate, Raspberry and Passion Fruit Engagement Cake"
Beca,4,1,8,IN,Lyne-Pirkis,31,Military Wives' Choir Singer,"Aldershot, Hampshire",Grapefruit Sandwich Cake,Chocolate Cherry Indulgence
Christine,4,1,3,IN,Wallace,66,Director of an engraving company,"Didcot, Oxfordshire","Strawberry, Vanilla and Rosewater Summer Basket",Chocolate and Orange 'Fripperous' Hat Cake
Deborah,4,1,9,IN,Manger,51,Dentist,Peterborough,Pineapple Cake,'Coffee Time'
Frances,4,1,7,IN,Quinn,31,Children's Clothes Designer,"Market Harborough, Leicestershire",Giant Jam Sandwich,Secret Squirrel Cake
Glenn,4,1,4,IN,Cosby,37,English Teacher,"Teignmouth, Devon",Strawberries and Cream Cake,Almond and Espresso Chocolate Cake
Howard,4,1,6,IN,Middleton,51,Council Worker,Sheffield,Passion Fruit and Coconut Cake,Black Forest Revisited
Kimberley,4,1,10,IN,Wilson,30,Psychologist,London,Blood Orange Cake,"Chocolate, Raspberry & Basil Layer Cake"
Lucy,4,1,2,IN,Bellamy,38,Horticulturist,"Grimsby, Lincolnshire",Timperley Early Cake,Thyme 'Wildwood' Cake
Mark,4,1,5,IN,Onley,37,Carpenter and Kitchen Fitter,Milton Keynes,Lemon and Poppy Seed Cake,Chocolate Monster
Ruby,4,1,12,IN,Tandoh,20,History of Art and Philosophy Student,"Southend, Essex",Rhubarb and Custard Sandwich Cake,Chocolate and Ginger Night Sky Cake
Toby,4,1,13,OUT,Waterworth,30,Web Programmer,"Reading, Berkshire",Spiced and Iced Carrot Cake,Two Tiered Chocolate Cake
Robert,4,1,1,STAR BAKER,Smart,54,Space Satellite Designer,"Melbourn, Cambridgeshire",Pecan and Apple Cake,Raspberry Chocolate Cake
Ali,4,2,9,IN,Imdad,25,Charity worker,"Saltley, Birmingham",Italian Grissini,Sweet and Savoury Yin Yang Bread
Beca,4,2,11,IN,Lyne-Pirkis,31,Military Wives' Choir Singer,"Aldershot, Hampshire",Fennel and Chilli Breadsticks,Five Strand Christmas Wreath
Christine,4,2,4,IN,Wallace,66,Director of an engraving company,"Didcot, Oxfordshire",Mediterranean Breadsticks with Oregano,Double Plaited Loaf
Deborah,4,2,8,IN,Manger,51,Dentist,Peterborough,Fennel & Chilli Breadsticks,Walnut Fleur Loaf
Frances,4,2,2,IN,Quinn,31,Children's Clothes Designer,"Market Harborough, Leicestershire",Giant Matchsticks,Sailor's Knot
Glenn,4,2,7,IN,Cosby,37,English Teacher,"Teignmouth, Devon",Rosemary and Parmesan Grissini,Harvest Crown
Howard,4,2,10,IN,Middleton,51,Council Worker,Sheffield,Moroccan Breadsticks,Picasso Sun Bread
Kimberley,4,2,1,IN,Wilson,30,Psychologist,London,Nigella Seed and Parmesan Breadsticks,Peace Bread
Mark,4,2,6,IN,Onley,37,Carpenter and Kitchen Fitter,Milton Keynes,Rosemary & Raisin Breadsticks,Sage & Garlic Plait
Robert,4,2,5,IN,Smart,54,Space Satellite Designer,"Melbourn, Cambridgeshire",Twisty Rye Bread Sticks,Tribute Loaf
Lucy,4,2,12,OUT,Bellamy,38,Horticulturist,"Grimsby, Lincolnshire",Grissini with Salt,Roast Tomato Bread
Ruby,4,2,3,STAR BAKER,Tandoh,20,History of Art and Philosophy Student,"Southend, Essex",Mexican Breadsticks,White Chocolate and Orange Peacock Bread
Toby,4,2,NA,NA,NA,NA,NA,NA,NA,NA
Ali,4,3,5,IN,Imdad,25,Charity worker,"Saltley, Birmingham","Coconut, Raspberry and Lemon Meringue Trifle",Vanilla Latte Mini CakesLime & Mint Shortbread Pops
Beca,4,3,10,IN,Lyne-Pirkis,31,Military Wives' Choir Singer,"Aldershot, Hampshire",Orange and Ginger Trifle,Limoncello and Blueberry BurstsMillionaire Shortbread
Frances,4,3,8,IN,Quinn,31,Children's Clothes Designer,"Market Harborough, Leicestershire",Apple and Blackberry Crumble Trifle,'Ballet Bites' Ginger NutcrackersSugar Plum Fairy Cakes
Glenn,4,3,1,IN,Cosby,37,English Teacher,"Teignmouth, Devon",Raspberry and Almond Trifle,Billionaire BouchéesOrange Financiers
Howard,4,3,7,IN,Middleton,51,Council Worker,Sheffield,Caramel and Apple Trifle*,Black Coffee and Cardamom CakesWhite Stilton and Pear Biscuits
Kimberley,4,3,6,IN,Wilson,30,Psychologist,London,"Peach, Almond and Ginger Trifle",Chocolate Pistachio FinanciersLemon Bergamot Biscuits
Robert,4,3,2,IN,Smart,54,Space Satellite Designer,"Melbourn, Cambridgeshire",Rhubarb and Orange Trifle,Almond FriandsTurǫn Macaroons
Ruby,4,3,3,IN,Tandoh,20,History of Art and Philosophy Student,"Southend, Essex",Desert Island Trifle,Lemon Shortbread and White Chocolate SeashellsBlackberry and Chocolate Layer Cakes
Deborah,4,3,9,OUT,Manger,51,Dentist,Peterborough,Tropical Trifle*,Canelé Cherry and Chocolate CakesRose Cookies
Mark,4,3,11,OUT,Onley,37,Carpenter and Kitchen Fitter,Milton Keynes,"Ginger, Mango and Passion Fruit Trifle",Rose and Pistachio MacaroonsChocolate and Raspberry Bites
Christine,4,3,4,STAR BAKER,Wallace,66,Director of an engraving company,"Didcot, Oxfordshire",Caribbean Pina Colada Trifle,Ninety-NinersSachertorte Parcels
Lucy,4,3,NA,NA,NA,NA,NA,NA,NA,NA
Toby,4,3,NA,NA,NA,NA,NA,NA,NA,NA
Beca,4,4,2,IN,Lyne-Pirkis,31,Military Wives' Choir Singer,"Aldershot, Hampshire",Mamgu's Cherry-Apple Tart,Moroccan Vegetable Filo Feast
Christine,4,4,7,IN,Wallace,66,Director of an engraving company,"Didcot, Oxfordshire","Granny Rogers' Apple, Plum & Cinnamon Country Pie",Roasted Vegetable Filo Pie with Feta Cheese
Frances,4,4,1,IN,Quinn,31,Children's Clothes Designer,"Market Harborough, Leicestershire",Peach Pie In the Sky,Cherry Tree Baklava Filo Pie
Glenn,4,4,9,IN,Cosby,37,English Teacher,"Teignmouth, Devon",Apple & Maple Syrup Pie,Spanakopita (Walnut and Feta Cheese)
Howard,4,4,5,IN,Middleton,51,Council Worker,Sheffield,Apple Pie with Sage Pastry,Fresh Fig and Feta Filo Flan
Robert,4,4,3,IN,Smart,54,Space Satellite Designer,"Melbourn, Cambridgeshire",Apple and Pear Pie with Thyme,Spanakopita with St George's Mushrooms
Ruby,4,4,6,IN,Tandoh,20,History of Art and Philosophy Student,"Southend, Essex",Apple and Marzipan Pie,"Rose, Almond and Raspberry Filo Pie"
Ali,4,4,8,OUT,Imdad,25,Charity worker,"Saltley, Birmingham",Apple and Ginger Pie with a Pecan and Walnut Shortcrust Pastry,"Orange, Cardamom and Date M'Hanncha"
Kimberley,4,4,4,STAR BAKER,Wilson,30,Psychologist,London,Pecan and Rosemary Caramel Apple Pie,"Chicken, Bacon and Butternut Squash Pie"
Deborah,4,4,NA,NA,NA,NA,NA,NA,NA,NA
Lucy,4,4,NA,NA,NA,NA,NA,NA,NA,NA
Mark,4,4,NA,NA,NA,NA,NA,NA,NA,NA
Toby,4,4,NA,NA,NA,NA,NA,NA,NA,NA
Beca,4,5,5,IN,Lyne-Pirkis,31,Military Wives' Choir Singer,"Aldershot, Hampshire","Chocolate, Cherry and Hazelnut Brownies",Tiered Macaron and Sugar Dough Biscuit Centrepiece
Frances,4,5,3,IN,Quinn,31,Children's Clothes Designer,"Market Harborough, Leicestershire",Millionaire Banoffee Bonus,Biscuit Buttons and Beads
Glenn,4,5,2,IN,Cosby,37,English Teacher,"Teignmouth, Devon",Apricot and Pistachio Tiffin,Shortbread and Macaron Helter-Skelter
Howard,4,5,8,IN,Middleton,51,Council Worker,Sheffield,Breakfast Traybake,Japanese Pagoda Tea Tower
Kimberley,4,5,7,IN,Wilson,30,Psychologist,London,Cherry and Almond Bakewell Florentine Slice,Black and White Viennese Biscuit Stack
Ruby,4,5,6,IN,Tandoh,20,History of Art and Philosophy Student,"Southend, Essex",Blackberry and Lemon Bakewell Slice,'Dropped Ice-Cream' Biscuit Centrepiece
Robert,4,5,4,OUT,Smart,54,Space Satellite Designer,"Melbourn, Cambridgeshire",Blueberry & Orange Traybake,Dalek
Christine,4,5,1,STAR BAKER,Wallace,66,Director of an engraving company,"Didcot, Oxfordshire",Mixed Berry and Almond Crumble Traybake,Shortbread Bavarian Clock Tower
Ali,4,5,NA,NA,NA,NA,NA,NA,NA,NA
Deborah,4,5,NA,NA,NA,NA,NA,NA,NA,NA
Lucy,4,5,NA,NA,NA,NA,NA,NA,NA,NA
Mark,4,5,NA,NA,NA,NA,NA,NA,NA,NA
Toby,4,5,NA,NA,NA,NA,NA,NA,NA,NA
Beca,4,6,6,IN,Lyne-Pirkis,31,Military Wives' Choir Singer,"Aldershot, Hampshire",Bara Brith,Chocolate and Rum-Soaked Prune BriochesCardamom Spiced Lemon Iced Buns
Christine,4,6,4,IN,Wallace,66,Director of an engraving company,"Didcot, Oxfordshire",Oxford Nutty Fruit Loaf,Schnecken BunsVanilla Custard Skolebrød
Frances,4,6,2,IN,Quinn,31,Children's Clothes Designer,"Market Harborough, Leicestershire",Chai Tea Loaf,Hot Cross BriochesRhubarb and Custard Kolaches
Glenn,4,6,5,IN,Cosby,37,English Teacher,"Teignmouth, Devon",Devonshire Panettone,Almond and Apricot BriochesSticky Caramel Kanelbullen
Kimberley,4,6,3,IN,Wilson,30,Psychologist,London,Chai Spiced Ginger and Date Tea Loaf,Double Chocolate and Hazelnut BriochesDanish Kanelsnurrer
Howard,4,6,7,OUT,Middleton,51,Council Worker,Sheffield,Date & Hemp Yorkshire Loaf,Peachy BunsGerman Baumschnecken
Ruby,4,6,1,STAR BAKER,Tandoh,20,History of Art and Philosophy Student,"Southend, Essex",Citrus Tea Loaf,Twisted Swedish KanelbullarSaffron St. Lucia Buns
Ali,4,6,NA,NA,NA,NA,NA,NA,NA,NA
Deborah,4,6,NA,NA,NA,NA,NA,NA,NA,NA
Lucy,4,6,NA,NA,NA,NA,NA,NA,NA,NA
Mark,4,6,NA,NA,NA,NA,NA,NA,NA,NA
Robert,4,6,NA,NA,NA,NA,NA,NA,NA,NA
Toby,4,6,NA,NA,NA,NA,NA,NA,NA,NA
Beca,4,7,1,IN,Lyne-Pirkis,31,Military Wives' Choir Singer,"Aldershot, Hampshire",Spring Lamb and Vegetable Suet Puddingwith Redcurrant Gravy,Nectarine and Frangipane SquaresChocolate and Hazelnut Vol-au-ventsStrawberries and Cream Mille-feuille
Christine,4,7,6,IN,Wallace,66,Director of an engraving company,"Didcot, Oxfordshire",Spotted Dick 'With a Kick'and Vanilla Custard Ice Cream,Eccles CakesFresh Fruit BasketsLemon Cream Eton Mess Mille-feuille
Kimberley,4,7,4,IN,Wilson,30,Psychologist,London,Barberry and Apple Spotted Dickwith Maple Syrup and White Chocolate Custard,"Pear, Malt and Butterscotch Mille-feuilleBlackberry and Lemon Verbena Crème Brûle Custard TartsFig, Orange and Thyme Galette"
Ruby,4,7,2,IN,Tandoh,20,History of Art and Philosophy Student,"Southend, Essex",Plum Jam Roly-Polywith Ginger Ice cream,Raspberry and Passion Fruit Mille-feuilleCaramelised Apple LatticePortuguese Custard Tarts
Glenn,4,7,3,OUT,Cosby,37,English Teacher,"Teignmouth, Devon",Prune and Armagnac Puddingwith Boozy Butterscotch Sauce,Caramelised Apple and Marzipan TartletsChocolate Elephant EarsPassion Fruit Mille-feuille
Frances,4,7,5,STAR BAKER,Quinn,31,Children's Clothes Designer,"Market Harborough, Leicestershire",Figgy Roll-y Poly Puddingwith Caramelised Walnut and Honey Ice-Cream,French Framboise Cream HornsSheet Music Mille-feuilleBass Clef Palmiers
Ali,4,7,NA,NA,NA,NA,NA,NA,NA,NA
Deborah,4,7,NA,NA,NA,NA,NA,NA,NA,NA
Howard,4,7,NA,NA,NA,NA,NA,NA,NA,NA
Lucy,4,7,NA,NA,NA,NA,NA,NA,NA,NA
Mark,4,7,NA,NA,NA,NA,NA,NA,NA,NA
Robert,4,7,NA,NA,NA,NA,NA,NA,NA,NA
Toby,4,7,NA,NA,NA,NA,NA,NA,NA,NA
Beca,4,8,4,IN,Lyne-Pirkis,31,Military Wives' Choir Singer,"Aldershot, Hampshire","Potato, Spelt and Rosemary Focaccia",Spiced Butternut Squash and Pecan 'Cheese' Cake
Frances,4,8,3,IN,Quinn,31,Children's Clothes Designer,"Market Harborough, Leicestershire",'Chelsea Flour Show' Bun Bouquet,"Hidden Carrot Cake (Ground Praline, Beetroot and Walnut)"
Kimberley,4,8,2,IN,Wilson,30,Psychologist,London,Wild Garlic Pesto and Parma Ham Spelt Loaf,Butternut Squash and Spice Cake Toadstool House
Christine,4,8,5,OUT,Wallace,66,Director of an engraving company,"Didcot, Oxfordshire","Multi-Seeded Loaf with Pumpkin, Sesame and Sunflower Seeds",Sweet Potato Guitar with Passion Fruit Icing and Marshmallow Fondant
Ruby,4,8,1,STAR BAKER,Tandoh,20,History of Art and Philosophy Student,"Southend, Essex",Mango and Nigella Seed Spelt Cob,Carrot Cake and Pistachio Garden Plot
Ali,4,8,NA,NA,NA,NA,NA,NA,NA,NA
Deborah,4,8,NA,NA,NA,NA,NA,NA,NA,NA
Glenn,4,8,NA,NA,NA,NA,NA,NA,NA,NA
Howard,4,8,NA,NA,NA,NA,NA,NA,NA,NA
Lucy,4,8,NA,NA,NA,NA,NA,NA,NA,NA
Mark,4,8,NA,NA,NA,NA,NA,NA,NA,NA
Robert,4,8,NA,NA,NA,NA,NA,NA,NA,NA
Toby,4,8,NA,NA,NA,NA,NA,NA,NA,NA
Frances,4,9,2,IN,Quinn,31,Children's Clothes Designer,"Market Harborough, Leicestershire","Legume Canapés:
Chantenay CarrotsChoux Pastry TomatoesCauliflower Cheese Scones",Great British Soap Opera Cake
Ruby,4,9,4,IN,Tandoh,20,History of Art and Philosophy Student,"Southend, Essex","Beetroot Jelly on Poppy Seed BiscuitsSpinach, Parmesan and Egg TartletsChoux Buns with Goat's Cheese and Caramelised Onions","Chocolate, Almond Praline and Saffron Opera Cake"
Beca,4,9,3,OUT,Lyne-Pirkis,31,Military Wives' Choir Singer,"Aldershot, Hampshire",Stilton and Walnut MacaronsBeetroot and Salmon Choux PuffsWelsh Rarebit Tartlets,Banoffee Opera Cake
Kimberley,4,9,1,STAR BAKER,Wilson,30,Psychologist,London,Pea Purée TartsCrab and Wasabi ProfiterolesSteamed Buns with Barbecue Chicken,Passion Fruit and Lime Opera Cake
Ali,4,9,NA,NA,NA,NA,NA,NA,NA,NA
Christine,4,9,NA,NA,NA,NA,NA,NA,NA,NA
Deborah,4,9,NA,NA,NA,NA,NA,NA,NA,NA
Glenn,4,9,NA,NA,NA,NA,NA,NA,NA,NA
Howard,4,9,NA,NA,NA,NA,NA,NA,NA,NA
Lucy,4,9,NA,NA,NA,NA,NA,NA,NA,NA
Mark,4,9,NA,NA,NA,NA,NA,NA,NA,NA
Robert,4,9,NA,NA,NA,NA,NA,NA,NA,NA
Toby,4,9,NA,NA,NA,NA,NA,NA,NA,NA
Kimberley,4,10,1,Runner-up,Wilson,30,Psychologist,London,Chicken and Pig Pie,Languages of Love Wedding Cake
Ruby,4,10,2,Runner-up,Tandoh,20,History of Art and Philosophy Student,"Southend, Essex",Picnic Basket Pie,"Raspberry, Lemon and Passion Fruit Wedding Cake"
Frances,4,10,3,WINNER,Quinn,31,Children's Clothes Designer,"Market Harborough, Leicestershire",Rainbow Picnic Pie,Midsummer Night's Dream Wedding Cake
Ali,4,10,NA,NA,NA,NA,NA,NA,NA,NA
Beca,4,10,NA,NA,NA,NA,NA,NA,NA,NA
Christine,4,10,NA,NA,NA,NA,NA,NA,NA,NA
Deborah,4,10,NA,NA,NA,NA,NA,NA,NA,NA
Glenn,4,10,NA,NA,NA,NA,NA,NA,NA,NA
Howard,4,10,NA,NA,NA,NA,NA,NA,NA,NA
Lucy,4,10,NA,NA,NA,NA,NA,NA,NA,NA
Mark,4,10,NA,NA,NA,NA,NA,NA,NA,NA
Robert,4,10,NA,NA,NA,NA,NA,NA,NA,NA
Toby,4,10,NA,NA,NA,NA,NA,NA,NA,NA
Chetna,5,1,3,IN,Makan,35,Fashion Designer,"Broadstairs, Kent","Cardamom, Pistachio and Coffee Swiss Roll",Tiered Victoria Sponges with Lemon Curd and Raspberry Cream
Diana,5,1,5,IN,Beard,69,Women's Institute (WI) Judge,"Alkington, Shropshire",Mum's Sunday Tea Lemon Curd Swiss Roll,Chocolate Ganache Surprises
Enwezor,5,1,9,IN,Nzegwu,39,Business Consultant,"Portsmouth, Hampshire",Raspberry and Lemon Swiss Roll,Coffee and Walnut Battenberg Squares
Iain,5,1,4,IN,Watters,31,Construction Engineer,London/Belfast,Apricot and Basil Swiss Roll with Mascarpone and White Chocolate Cream,"Lemon Drizzle Cakes with Mascarpone Filling, Drizzled Icing, and Candied Lemon"
Jordan,5,1,12,IN,Cox,32,IT Manager,"Sneinton, Nottingham",Kawaii Frasier Swiss Roll,Lemon Drizzle Cakes with Blueberry and Lemon Curd
Kate,5,1,6,IN,Henry,41,Furniture Restorer,"Brighton, East Sussex",Red Velvet and White Chocolate Swiss Roll,Mini Tiered Victoria Sponges
Luis,5,1,7,IN,Troyano,42,Graphic Designer,"Poynton, Cheshire",Spanish Swiss Roll,Raspberry and Lemon Genoise Slices with Lemon Drizzles
Martha,5,1,2,IN,Collison,17,Student,"Ascot, Berkshire",Tiramisu Swiss Roll,Mini Lemon and Thyme Drizzle Cakes
Norman,5,1,11,IN,Calder,66,Retired Naval Officer,"Portknockie, Moray",Black Forest Swiss Roll,Almond and Raspberry Mini Cakes
Richard,5,1,10,IN,Burr,38,Builder,"Mill Hill, London",Pistachio and Strawberry Swiss Roll,Miniature Coffee & Walnut Cakes
Claire,5,1,8,OUT,Goodwin,31,Speech Therapist,"Ashton upon Mersey, Trafford",Chocolatey Orangey Swirly Roll,Mini Chocolate and Cherry Cakes
Nancy,5,1,1,STAR BAKER,Birtwhistle,60,Retired Practice Manager,"Barton-upon-Humber, Lincolnshire",Coffee and Hazelnut Swiss Roll,Jaffa Orange Cakes
Chetna,5,2,8,IN,Makan,35,Fashion Designer,"Broadstairs, Kent",Fenugreek and Carom Crackers,Day On The Beach
Diana,5,2,7,IN,Beard,69,Women's Institute (WI) Judge,"Alkington, Shropshire",Parmesan Triangles,"Express, First Class"
Iain,5,2,11,IN,Watters,31,Construction Engineer,London/Belfast,Za'atar and Fig Biscuits,Wild West Scene
Jordan,5,2,6,IN,Cox,32,IT Manager,"Sneinton, Nottingham","Sourdough, Parmesan and Chilli Biscuits",Monster Attack
Kate,5,2,4,IN,Henry,41,Furniture Restorer,"Brighton, East Sussex",Parmesan and Apple Biscuits,Tea Time
Luis,5,2,3,IN,Troyano,42,Graphic Designer,"Poynton, Cheshire",Black Olive and Rosemary Biscuits with Caramelised Onion Glaze,George Versus The Dragon
Martha,5,2,5,IN,Collison,17,Student,"Ascot, Berkshire",Caramelised Onion and Goat's Cheese Sandwich Biscuits,Ski Village Scene
Nancy,5,2,2,IN,Birtwhistle,60,Retired Practice Manager,"Barton-upon-Humber, Lincolnshire",Fennel and Rye Thins,Hansel and Gretel Scene
Norman,5,2,10,IN,Calder,66,Retired Naval Officer,"Portknockie, Moray",Farthing Biscuits,Zulu Boats at Dawn
Enwezor,5,2,9,OUT,Nzegwu,39,Business Consultant,"Portsmouth, Hampshire",Pumpkin and Sunflower Savoury Biscuits,Space Adventure Moon Scene
Richard,5,2,1,STAR BAKER,Burr,38,Builder,"Mill Hill, London",Rosemary Seeded Crackers,Pirates!
Claire,5,2,NA,NA,NA,NA,NA,NA,NA,NA
Chetna,5,3,8,IN,Makan,35,Fashion Designer,"Broadstairs, Kent",Onion and Pine Nut Rolls,Rolled and Filled Twin Loaf
Diana,5,3,7,IN,Beard,69,Women's Institute (WI) Judge,"Alkington, Shropshire",Rustic Picnic Rolls,Sharing Savoury Pinwheel
Iain,5,3,9,IN,Watters,31,Construction Engineer,London/Belfast,Cranberry and Walnut Rye Bread Rolls,Moroccan Plaited with a Bessara Dip
Kate,5,3,1,IN,Henry,41,Furniture Restorer,"Brighton, East Sussex",Orange and Cardamom Rye Bread Knots,"Prosciutto, Olive and Coriander Bread"
Martha,5,3,3,IN,Collison,17,Student,"Ascot, Berkshire",Date and Walnut Rye Rolls,Stuffed Sunflower Loaf
Nancy,5,3,5,IN,Birtwhistle,60,Retired Practice Manager,"Barton-upon-Humber, Lincolnshire",Cider and Walnut Crusty Rolls,'Full English' Stromboli
Norman,5,3,4,IN,Calder,66,Retired Naval Officer,"Portknockie, Moray",Rye Bread Rolls,Chicken and Roasted Vegetable Picnic Loaf
Richard,5,3,6,IN,Burr,38,Builder,"Mill Hill, London",Rye and Cranberry Rolls,Pesto Pinwheel
Jordan,5,3,10,OUT,Cox,32,IT Manager,"Sneinton, Nottingham",Rye and Spelt Bread Rolls,Strawberry Raspberry Cheesecake Brioche
Luis,5,3,2,STAR BAKER,Troyano,42,Graphic Designer,"Poynton, Cheshire",Opposites Attract Rolls,Roscón de Reyes
Claire,5,3,NA,NA,NA,NA,NA,NA,NA,NA
Enwezor,5,3,NA,NA,NA,NA,NA,NA,NA,NA
Chetna,5,4,3,IN,Makan,35,Fashion Designer,"Broadstairs, Kent","Rhubarb, Strawberry and Orange Puddings","Mango, Raspberry and Coconut Baked Alaska"
Diana,5,4,9,IN,Beard,69,Women's Institute (WI) Judge,"Alkington, Shropshire",Orange and Lemon Curd Pots,Raspberry Ripple Alaska Swan
Kate,5,4,7,IN,Henry,41,Furniture Restorer,"Brighton, East Sussex",Chocolate and Salted Caramel Molten Puddings,"Pistachio, Raspberry and Chocolate Baked Alaska"
Luis,5,4,2,IN,Troyano,42,Graphic Designer,"Poynton, Cheshire",Pears in Puddings,Bakewell Alaska
Martha,5,4,1,IN,Collison,17,Student,"Ascot, Berkshire",Peanut Butter Chocolate Fondants,Key Lime Baked Alaska
Nancy,5,4,4,IN,Birtwhistle,60,Retired Practice Manager,"Barton-upon-Humber, Lincolnshire",Pistachio Puddings with Chocolate Sauce,Summer Pudding Alaska
Norman,5,4,8,IN,Calder,66,Retired Naval Officer,"Portknockie, Moray",Mini Sticky Toffee Puddings,Baked Alaska with Strawberry Surprise
Iain,5,4,6,OUT,Watters,31,Construction Engineer,London/Belfast,"Chocolate, Lime and Raspberry Fondants","Chocolate, Black Sesame Seed and Coffee Caramel Baked Alaska (not presented)"
Richard,5,4,5,STAR BAKER,Burr,38,Builder,"Mill Hill, London",Black Forest Chocolate Fondants,Tiramisu Baked Alaska
Claire,5,4,NA,NA,NA,NA,NA,NA,NA,NA
Enwezor,5,4,NA,NA,NA,NA,NA,NA,NA,NA
Jordan,5,4,NA,NA,NA,NA,NA,NA,NA,NA
Chetna,5,5,2,IN,Makan,35,Fashion Designer,"Broadstairs, Kent",Rice Custard Tart with Mangoes and Raspberries,Fusion Tiered Pies
Luis,5,5,6,IN,Troyano,42,Graphic Designer,"Poynton, Cheshire",Tropical Manchester Tart,Four Fruity Seasons Tower
Martha,5,5,1,IN,Collison,17,Student,"Ascot, Berkshire","Pistachio, Apricot and Honey Custard Tart",Three Little Pigs Pie
Nancy,5,5,4,IN,Birtwhistle,60,Retired Practice Manager,"Barton-upon-Humber, Lincolnshire",Chocolate Crusted Passion Fruit Tart,Trio of Apple Pies
Richard,5,5,7,IN,Burr,38,Builder,"Mill Hill, London",Fig and Orange Tart,Three Course Autumn Pie Feast
Norman,5,5,5,OUT,Calder,66,Retired Naval Officer,"Portknockie, Moray",Tarte au Citron,Pieful Tower
Kate,5,5,3,STAR BAKER,Henry,41,Furniture Restorer,"Brighton, East Sussex",Rhubarb and Custard Tart,"Rhubarb, Prune and Apple Pies"
Diana,5,5,NA,WD,NA,NA,NA,NA,NA,NA
Claire,5,5,NA,NA,NA,NA,NA,NA,NA,NA
Enwezor,5,5,NA,NA,NA,NA,NA,NA,NA,NA
Iain,5,5,NA,NA,NA,NA,NA,NA,NA,NA
Jordan,5,5,NA,NA,NA,NA,NA,NA,NA,NA
Diana,5,6,NA,IN,NA,NA,NA,NA,NA,NA
Kate,5,6,6,IN,Henry,41,Furniture Restorer,"Brighton, East Sussex","Pecan, Chocolate and Sour Cherry Yeast Cake",Trio of Dobos Tortes
Luis,5,6,3,IN,Troyano,42,Graphic Designer,"Poynton, Cheshire",Apple and Cinnamon Kugelhopf with Honeyed Apples,The Cage on the Rocky Hill
Martha,5,6,4,IN,Collison,17,Student,"Ascot, Berkshire",Dark Chocolate and Almond Liqueur Savarin,Chess-Themed Chocolate and Salted Caramel Dobos Torte
Nancy,5,6,1,IN,Birtwhistle,60,Retired Practice Manager,"Barton-upon-Humber, Lincolnshire",Rum Punch Savarin with Coconut Cream and Tropical Fruits,Chocolate and Caramel Dobos Torte
Richard,5,6,5,IN,Burr,38,Builder,"Mill Hill, London",Fruity Guglhupf with an Orange Glaze,Sugar Forest Dobos Torte
Chetna,5,6,2,STAR BAKER,Makan,35,Fashion Designer,"Broadstairs, Kent",Orange Savarin with Cinnamon Cream,Almond Liqueur Dobos Torte with Chocolate Caramel Buttercream
Claire,5,6,NA,NA,NA,NA,NA,NA,NA,NA
Enwezor,5,6,NA,NA,NA,NA,NA,NA,NA,NA
Iain,5,6,NA,NA,NA,NA,NA,NA,NA,NA
Jordan,5,6,NA,NA,NA,NA,NA,NA,NA,NA
Norman,5,6,NA,NA,NA,NA,NA,NA,NA,NA
Chetna,5,7,6,IN,Makan,35,Fashion Designer,"Broadstairs, Kent",Crispy Lentil Kachori,Chocolate and Mango & Lemon Meringue Éclairs
Diana,5,7,NA,IN,NA,NA,NA,NA,NA,NA
Luis,5,7,5,IN,Troyano,42,Graphic Designer,"Poynton, Cheshire",Childhood Empanadas,"Stars and Stripes Éclairs
(Blueberry Cheesecake & Peanut Butter and Jelly Éclairs)"
Martha,5,7,3,IN,Collison,17,Student,"Ascot, Berkshire",Mini Beef Wellingtons,Rhubarb and Custard & Maple Syrup and Bacon Éclairs
Nancy,5,7,2,IN,Birtwhistle,60,Retired Practice Manager,"Barton-upon-Humber, Lincolnshire",Spicy Duck Pasties,Smoked Salmon and Horseradish & Raspberry Ripple Éclairs
Kate,5,7,4,OUT,Henry,41,Furniture Restorer,"Brighton, East Sussex",Spinach and Paneer Spicy Samosa,Neapolitan & Lemon Meringue Éclairs
Richard,5,7,1,STAR BAKER,Burr,38,Builder,"Mill Hill, London",Minted Lamb Pasties,"Stair of Éclairs
(Lavender and Blueberry & Rose and Raspberry Éclairs)"
Claire,5,7,NA,NA,NA,NA,NA,NA,NA,NA
Enwezor,5,7,NA,NA,NA,NA,NA,NA,NA,NA
Iain,5,7,NA,NA,NA,NA,NA,NA,NA,NA
Jordan,5,7,NA,NA,NA,NA,NA,NA,NA,NA
Norman,5,7,NA,NA,NA,NA,NA,NA,NA,NA
Chetna,5,8,1,IN,Makan,35,Fashion Designer,"Broadstairs, Kent",Date and Walnut Swirl Bread,Chocolate Mousse Filled DoughnutsBraided Doughnuts
Diana,5,8,NA,IN,NA,NA,NA,NA,NA,NA
Luis,5,8,2,IN,Troyano,42,Graphic Designer,"Poynton, Cheshire",Black Forest Cherry Tree,"Cocktail Doughnuts
(Mudslide & Raspberry Mojito)"
Nancy,5,8,3,IN,Birtwhistle,60,Retired Practice Manager,"Barton-upon-Humber, Lincolnshire",Lincolnshire Plum Braid,"Doughnut Family Tree
(Limoncello and Almond & Milk Chocolate and Orange)"
Martha,5,8,5,OUT,Collison,17,Student,"Ascot, Berkshire",Spiced Plum Iced Bread Swirl,Glazed Lemon & Poppy Seed DoughnutsChocolate & Passion Fruit Doughnuts
Richard,5,8,4,STAR BAKER,Burr,38,Builder,"Mill Hill, London",Fruit Swedish Tea Ring,Rhubarb and Custard and Toffee Apple Doughnuts
Claire,5,8,NA,NA,NA,NA,NA,NA,NA,NA
Enwezor,5,8,NA,NA,NA,NA,NA,NA,NA,NA
Iain,5,8,NA,NA,NA,NA,NA,NA,NA,NA
Jordan,5,8,NA,NA,NA,NA,NA,NA,NA,NA
Kate,5,8,NA,NA,NA,NA,NA,NA,NA,NA
Norman,5,8,NA,NA,NA,NA,NA,NA,NA,NA
Diana,5,9,NA,IN,NA,NA,NA,NA,NA,NA
Luis,5,9,1,IN,Troyano,42,Graphic Designer,"Poynton, Cheshire",Indian Rose BaklavaHalwa Baklava Rolls,"Chocolate Mousse & Cherry EntremetsPomegranate, Fig & Pistachio Sponges"
Nancy,5,9,3,IN,Birtwhistle,60,Retired Practice Manager,"Barton-upon-Humber, Lincolnshire",Coffee and Chocolate BaklavaBreakfast Baklava,Raspberry NonnettesLime and Passion Fruit Entremets
Chetna,5,9,4,OUT,Makan,35,Fashion Designer,"Broadstairs, Kent",Chocolate Orange Baklava Masala Chai Baklava,"Chocolate, Orange & Nut EntremetsCappuccino Entremets"
Richard,5,9,2,STAR BAKER,Burr,38,Builder,"Mill Hill, London",Rose and Pistachio BaklavaWalnut and Almond Baklava,Hazelnut Mocha EntremetsPink Grapefruit Entremets
Claire,5,9,NA,NA,NA,NA,NA,NA,NA,NA
Enwezor,5,9,NA,NA,NA,NA,NA,NA,NA,NA
Iain,5,9,NA,NA,NA,NA,NA,NA,NA,NA
Jordan,5,9,NA,NA,NA,NA,NA,NA,NA,NA
Kate,5,9,NA,NA,NA,NA,NA,NA,NA,NA
Martha,5,9,NA,NA,NA,NA,NA,NA,NA,NA
Norman,5,9,NA,NA,NA,NA,NA,NA,NA,NA
Diana,5,10,NA,IN,NA,NA,NA,NA,NA,NA
Luis,5,10,2,Runner-up,Troyano,42,Graphic Designer,"Poynton, Cheshire","Apple, Walnut, Raisin and Cheshire Cheese ChaussonsPain au Chocolat Blanc with Raspberries and Cream Cheese",Village in Chocolate
Richard,5,10,3,Runner-up,Burr,38,Builder,"Mill Hill, London",Pear Pain au ChocolatPain Au Lait,Mill on the Hill
Nancy,5,10,1,WINNER,Birtwhistle,60,Retired Practice Manager,"Barton-upon-Humber, Lincolnshire",Apple and Lemon KitesRaspberry and Almond Croissants,Red Windmill
Chetna,5,10,NA,NA,NA,NA,NA,NA,NA,NA
Claire,5,10,NA,NA,NA,NA,NA,NA,NA,NA
Enwezor,5,10,NA,NA,NA,NA,NA,NA,NA,NA
Iain,5,10,NA,NA,NA,NA,NA,NA,NA,NA
Jordan,5,10,NA,NA,NA,NA,NA,NA,NA,NA
Kate,5,10,NA,NA,NA,NA,NA,NA,NA,NA
Martha,5,10,NA,NA,NA,NA,NA,NA,NA,NA
Norman,5,10,NA,NA,NA,NA,NA,NA,NA,NA
Alvin,6,1,2,IN,Magallanes,37,Nurse,"Bracknell, Berkshire",Orange Vanilla and Fig Madeira Cake,Black Forest Gâteau
Dorret,6,1,5,IN,Conway,53,Accountant,"Penwortham, Lancashire",Madeira Cake with Candied Lemons,Enchanted Forest Gâteau
Flora,6,1,6,IN,Shedden,19,Art gallery assistant,"Dunkeld, Perth and Kinross",Blood Orange Madeira Cake,Black Forest Gâteau
Ian,6,1,8,IN,Cumming,41,Travel photographer,"Great Wilbraham, Cambridgeshire",Somewhere West of Madeira Cake,Black Forest Cherry Tree
Mat,6,1,7,IN,Riley,37,Fire fighter,London,Gin and Tonic Madeira Cake,Black Forest Gateau
Nadiya,6,1,12,IN,Hussain,30,Full-time mother,Leeds / Luton,Orange and Green Cardamom Madeira Cake,Quadruple Chocolate Black Forest Gâteau
Paul,6,1,10,IN,Jagger,49,Prison governor,"Swansea, Wales","Lemon, Ginger and Caraway Seed Madeira Cake",Black Forest Chocolate Creation
Sandy,6,1,9,IN,Docherty,49,Child welfare officer,"Yeadon, West Yorkshire",Madeira Cake with Almond Liqueur and Chopped Apricots,Black Forest Gâteau
Tamal,6,1,4,IN,Ray,29,Trainee anaesthetist,Manchester,Pistachio and Rose Madeira Cake,Black Forest Gâteau in a Chocolate Shell
Ugnė,6,1,1,IN,Bubnaityte,32,PA and administrator,"Woodford, London / Vilkaviškis, Lithuania",Lemon and Thyme Madeira Cake,Falling Cup Gâteau
Stu,6,1,11,OUT,Henshall,35,Professional musician,"Guildford, Surrey",Marley Madeira Cake,Purple Forest Gâteau
Marie,6,1,3,STAR BAKER,Campbell,66,Retired,"Auchterarder, Perthshire",Zingy Citrus Madeira Cake,A Walk in the Black Forest
Alvin,6,2,6,IN,Magallanes,37,Nurse,"Bracknell, Berkshire","Jackfruit, Pistachio and Macadamia Biscotti",Gingerbread Box filled with Brandy Snaps
Dorret,6,2,1,IN,Conway,53,Accountant,"Penwortham, Lancashire",Almond and Apricot Biscotti with Amber Sugar Crystals,Box of Frogs
Flora,6,2,2,IN,Shedden,19,Art gallery assistant,"Dunkeld, Perth and Kinross",Wedding Biscotti,Honey and Earl Grey Tea Box
Mat,6,2,5,IN,Riley,37,Fire fighter,London,"Pistachio, Cranberry and White Chocolate Biscotti",Gingerbread Fire Engine
Nadiya,6,2,9,IN,Hussain,30,Full-time mother,Leeds / Luton,"Coconut, Fennel and Pistachio Biscotti",Box of Fortunes
Paul,6,2,10,IN,Jagger,49,Prison governor,"Swansea, Wales","Chocolate, Hazelnut and Fig Biscotti",Memory Box
Sandy,6,2,4,IN,Docherty,49,Child welfare officer,"Yeadon, West Yorkshire",Chocolate Chunk and Hazelnut Biscotti,Sundried Tomato Cheese Biscuit Box
Tamal,6,2,8,IN,Ray,29,Trainee anaesthetist,Manchester,"Cinnamon, Maple and Cranberry Biscotti",Chessboard Box
Ugnė,6,2,7,IN,Bubnaityte,32,PA and administrator,"Woodford, London / Vilkaviškis, Lithuania",White Wine Biscotti,Baby Climbing into the Cookie Box
Marie,6,2,11,OUT,Campbell,66,Retired,"Auchterarder, Perthshire",Biscotti Italiano,Russian Box
Ian,6,2,3,STAR BAKER,Cumming,41,Travel photographer,"Great Wilbraham, Cambridgeshire","Orange, Rosemary and Almond Biscotti",Sandwich de la Confiture
Stu,6,2,NA,NA,NA,NA,NA,NA,NA,NA
Alvin,6,3,4,IN,Magallanes,37,Nurse,"Bracknell, Berkshire","Prosciutto, Manchego and Balsamic Onion Soda Breads",Cornucopia
Flora,6,3,2,IN,Shedden,19,Art gallery assistant,"Dunkeld, Perth and Kinross",Fig and Hazelnut Rye Breads,Herb Couture
Mat,6,3,8,IN,Riley,37,Fire fighter,London,"Jalapeño, Mexican Cheddar and Smoked Salt Soda Breads",Curry Inspired Brighton Pavilion
Nadiya,6,3,9,IN,Hussain,30,Full-time mother,Leeds / Luton,Mexican Bread with Warm Tomato Salsa,Snake Charmer's Basket
Paul,6,3,10,IN,Jagger,49,Prison governor,"Swansea, Wales",Cranberry and Orange Sweet Soda Breads,King of the Jungle
Sandy,6,3,7,IN,Docherty,49,Child welfare officer,"Yeadon, West Yorkshire",Soda Breads with Smoked Bacon and Onion,Basket of Bread Flowers with a Walnut and Blue Cheese Centre
Tamal,6,3,3,IN,Ray,29,Trainee anaesthetist,Manchester,"Fig, Cheese and Walnut Breads",Breadcycle
Ugnė,6,3,5,IN,Bubnaityte,32,PA and administrator,"Woodford, London / Vilkaviškis, Lithuania",Chocolate Quick Breads with Salted Caramel Sauce,Easter Basket
Dorret,6,3,6,OUT,Conway,53,Accountant,"Penwortham, Lancashire",Walnut and Stilton Soda Breads,Unmade Bread
Ian,6,3,1,STAR BAKER,Cumming,41,Travel photographer,"Great Wilbraham, Cambridgeshire",Wild Garlic Pesto Soda Breads,Flour Power
Marie,6,3,NA,NA,NA,NA,NA,NA,NA,NA
Stu,6,3,NA,NA,NA,NA,NA,NA,NA,NA
Alvin,6,4,9,IN,Magallanes,37,Nurse,"Bracknell, Berkshire",Blackberry Crème Brûlées,Tower of Fruits Cheesecakes
Flora,6,4,3,IN,Shedden,19,Art gallery assistant,"Dunkeld, Perth and Kinross",Rhubarb and Ginger Crème Brûlées,Elderflower and Granola Cheesecakes
Mat,6,4,7,IN,Riley,37,Fire fighter,London,Coconut Crème Brûlées,Chocolate Bar Cheesecakes
Nadiya,6,4,8,IN,Hussain,30,Full-time mother,Leeds / Luton,Cinnamon Tea Crème Brûlées,Fizzy Pop Cheesecakes
Paul,6,4,1,IN,Jagger,49,Prison governor,"Swansea, Wales",Almond Crème Brûlées,Berry Cheesecake Tower
Tamal,6,4,5,IN,Ray,29,Trainee anaesthetist,Manchester,Rhubarb and Ginger Crème Brûlées,"Mango, Hazelnut and Rosemary Cheesecake Trio"
Ugnė,6,4,2,IN,Bubnaityte,32,PA and administrator,"Woodford, London / Vilkaviškis, Lithuania",Marula Fruit and Coffee Liqueur Crème Brûlées,"Lime, Coconut and Hazelnut Cheesecakes"
Sandy,6,4,6,OUT,Docherty,49,Child welfare officer,"Yeadon, West Yorkshire",Pontefract Crème Brûlées,"Cassata, Whisky and Orange & Apple Pie Cheesecakes"
Ian,6,4,4,STAR BAKER,Cumming,41,Travel photographer,"Great Wilbraham, Cambridgeshire",Pomegranate Two Ways Crème Brûlées,Trio of Spicy and Herby Baked Cheesecakes
Dorret,6,4,NA,NA,NA,NA,NA,NA,NA,NA
Marie,6,4,NA,NA,NA,NA,NA,NA,NA,NA
Stu,6,4,NA,NA,NA,NA,NA,NA,NA,NA
Alvin,6,5,8,IN,Magallanes,37,Nurse,"Bracknell, Berkshire",Pineapple Upside Down Cake,"Buko Pandan, Mango and Passion Fruit Ice Cream Roll"
Flora,6,5,3,IN,Shedden,19,Art gallery assistant,"Dunkeld, Perth and Kinross","Pistachio, Apple and Cardamom Madeleine Cake",Chocolate and Pear Bûche
Ian,6,5,5,IN,Cumming,41,Travel photographer,"Great Wilbraham, Cambridgeshire",Honey and Flowers Cake,Dessert Island
Mat,6,5,4,IN,Riley,37,Fire fighter,London,Sugar Free Carrot Cake,Raspberry and Coconut Ice Cream Roll
Paul,6,5,2,IN,Jagger,49,Prison governor,"Swansea, Wales",Carrot & Pecan Cake,Dessert Island Getaway
Tamal,6,5,7,IN,Ray,29,Trainee anaesthetist,Manchester,Honey and Grapefruit Polenta Cake,Passion Fruit and Pineapple Ice Cream Roll
Ugnė,6,5,6,OUT,Bubnaityte,32,PA and administrator,"Woodford, London / Vilkaviškis, Lithuania",Chocolate and Hazelnut Sugar-Free Cake,"Chocolate, Peanut Butter and Grape Jam Roll"
Nadiya,6,5,1,STAR BAKER,Hussain,30,Full-time mother,Leeds / Luton,Naked Blueberry and Caraway Crunch Cake,Chocolate and Strawberry Lime Ice Cream Roll
Dorret,6,5,NA,NA,NA,NA,NA,NA,NA,NA
Marie,6,5,NA,NA,NA,NA,NA,NA,NA,NA
Sandy,6,5,NA,NA,NA,NA,NA,NA,NA,NA
Stu,6,5,NA,NA,NA,NA,NA,NA,NA,NA
Flora,6,6,2,IN,Shedden,19,Art gallery assistant,"Dunkeld, Perth and Kinross",Apricot and Rosemary Frangipane Tart,Asparagus and Parma Ham and Praline and Chocolate Vol-au-vents
Ian,6,6,3,IN,Cumming,41,Travel photographer,"Great Wilbraham, Cambridgeshire",Pear and Raspberry Frangipane Tart,vol-au-vents Terre et Mer
Nadiya,6,6,4,IN,Hussain,30,Full-time mother,Leeds / Luton,"Bay Leaf, Rong Tea and Pear Tart",Bengali Korma and Clementine with Cod Vol-au-vents
Paul,6,6,5,IN,Jagger,49,Prison governor,"Swansea, Wales",Christmas Frangipane Tart,Savoury and Sweet Bouchées
Tamal,6,6,7,IN,Ray,29,Trainee anaesthetist,Manchester,Spiced Pear Frangipane Tart,Fennel and Rosemary Pulled Pork and Chicken and Coriander vol-au-vents
Alvin,6,6,6,OUT,Magallanes,37,Nurse,"Bracknell, Berkshire",Plum Frangipane Tart,Smoked Salmon En Croûte and Vermouth Chicken à la King Vol-au-vents
Mat,6,6,1,STAR BAKER,Riley,37,Fire fighter,London,Piña Colada Frangipane Tart,His 'n' Hers Vol-au-vents
Dorret,6,6,NA,NA,NA,NA,NA,NA,NA,NA
Marie,6,6,NA,NA,NA,NA,NA,NA,NA,NA
Sandy,6,6,NA,NA,NA,NA,NA,NA,NA,NA
Stu,6,6,NA,NA,NA,NA,NA,NA,NA,NA
Ugnė,6,6,NA,NA,NA,NA,NA,NA,NA,NA
Flora,6,7,4,IN,Shedden,19,Art gallery assistant,"Dunkeld, Perth and Kinross",Game Pie with Shallot and Apple Chutney,"Raspberry, Pomegranate and Champagne Charlotte Russe"
Ian,6,7,5,IN,Cumming,41,Travel photographer,"Great Wilbraham, Cambridgeshire",Roadkill Pie,Victoria's Crown Charlotte Russe
Nadiya,6,7,1,IN,Hussain,30,Full-time mother,Leeds / Luton,Aromatic Raised Game Pie,Mango and Raspberry Charlotte Russe
Paul,6,7,2,IN,Jagger,49,Prison governor,"Swansea, Wales",Not a Boaring Pie,Charlotte Rose
Mat,6,7,6,OUT,Riley,37,Fire fighter,London,Raised Venison and Pigeon Pie,Strawberry Charlotte Russe
Tamal,6,7,3,STAR BAKER,Ray,29,Trainee anaesthetist,Manchester,Middle Eastern Game Pie,"Spiced Blackberry, Raspberry and Cardamom Charlotte Russe"
Alvin,6,7,NA,NA,NA,NA,NA,NA,NA,NA
Dorret,6,7,NA,NA,NA,NA,NA,NA,NA,NA
Marie,6,7,NA,NA,NA,NA,NA,NA,NA,NA
Sandy,6,7,NA,NA,NA,NA,NA,NA,NA,NA
Stu,6,7,NA,NA,NA,NA,NA,NA,NA,NA
Ugnė,6,7,NA,NA,NA,NA,NA,NA,NA,NA
Flora,6,8,3,IN,Shedden,19,Art gallery assistant,"Dunkeld, Perth and Kinross",Peach & Lemon Thyme and Smoked Almond & Butterscotch Cream Horns,Lime & Basil and Coconut & White Chocolate Religieuse à l'ancienne
Ian,6,8,2,IN,Cumming,41,Travel photographer,"Great Wilbraham, Cambridgeshire",Mont Blanc & Black Forest Gâteau Horns,Nun with Hidden Passions
Tamal,6,8,4,IN,Ray,29,Trainee anaesthetist,Manchester,Lime & Mascarpone and Malt Cream Horns,Passionfruit & Mango and Pistachio & Raspberry Religieuse à l'ancienne
Paul,6,8,5,OUT,Jagger,49,Prison governor,"Swansea, Wales",Café Tipple & Banana Crunch-away Horns,Religieuse à l'ancienne
Nadiya,6,8,1,STAR BAKER,Hussain,30,Full-time mother,Leeds / Luton,Rose Pistachio and Mocha Hazelnut Horns,Bubble Gum and Peppermint Cream Religieuse à l'ancienne
Alvin,6,8,NA,NA,NA,NA,NA,NA,NA,NA
Dorret,6,8,NA,NA,NA,NA,NA,NA,NA,NA
Marie,6,8,NA,NA,NA,NA,NA,NA,NA,NA
Mat,6,8,NA,NA,NA,NA,NA,NA,NA,NA
Sandy,6,8,NA,NA,NA,NA,NA,NA,NA,NA
Stu,6,8,NA,NA,NA,NA,NA,NA,NA,NA
Ugnė,6,8,NA,NA,NA,NA,NA,NA,NA,NA
Ian,6,9,3,IN,Cumming,41,Travel photographer,"Great Wilbraham, Cambridgeshire",Chocolate and Bay Tart,Chocolate Well
Tamal,6,9,2,IN,Ray,29,Trainee anaesthetist,Manchester,Chocolate New York Pie,Chocolate Bell Tower
Flora,6,9,1,OUT,Shedden,19,Art gallery assistant,"Dunkeld, Perth and Kinross",Passion Fruit and Chocolate Tart,Cocoa Carousel
Nadiya,6,9,4,STAR BAKER,Hussain,30,Full-time mother,Leeds / Luton,Peanut Salted Caramel and Chocolate Tart,Peacock in Nan's Door
Alvin,6,9,NA,NA,NA,NA,NA,NA,NA,NA
Dorret,6,9,NA,NA,NA,NA,NA,NA,NA,NA
Marie,6,9,NA,NA,NA,NA,NA,NA,NA,NA
Mat,6,9,NA,NA,NA,NA,NA,NA,NA,NA
Paul,6,9,NA,NA,NA,NA,NA,NA,NA,NA
Sandy,6,9,NA,NA,NA,NA,NA,NA,NA,NA
Stu,6,9,NA,NA,NA,NA,NA,NA,NA,NA
Ugnė,6,9,NA,NA,NA,NA,NA,NA,NA,NA
Ian,6,10,2,Runner-up,Cumming,41,Travel photographer,"Great Wilbraham, Cambridgeshire",Elderflower and Lemon & Spiced Buns,Colossal Curvy Carrot Cake
Tamal,6,10,3,Runner-up,Ray,29,Trainee anaesthetist,Manchester,Cinnamon and Apple & Toffee and Marmalade Iced Buns,Sticky Toffee Pudding Cake
Nadiya,6,10,1,WINNER,Hussain,30,Full-time mother,Leeds / Luton,Cardamom and Almond Buns & Nutmeg and Sour Cherry Fingers,My Big Fat British Wedding Cake
Alvin,6,10,NA,NA,NA,NA,NA,NA,NA,NA
Dorret,6,10,NA,NA,NA,NA,NA,NA,NA,NA
Flora,6,10,NA,NA,NA,NA,NA,NA,NA,NA
Marie,6,10,NA,NA,NA,NA,NA,NA,NA,NA
Mat,6,10,NA,NA,NA,NA,NA,NA,NA,NA
Paul,6,10,NA,NA,NA,NA,NA,NA,NA,NA
Sandy,6,10,NA,NA,NA,NA,NA,NA,NA,NA
Stu,6,10,NA,NA,NA,NA,NA,NA,NA,NA
Ugnė,6,10,NA,NA,NA,NA,NA,NA,NA,NA
Andrew,7,1,12,IN,Smyth,25,Aerospace engineer,"Derby / Holywood, County Down",Lemon and Rosemary Drizzle Cake,'Ultimate Indulgence' Mirror Glaze Cake
Benjamina,7,1,6,IN,Ebuehi,23,Teaching assistant,South London,"Pistachio, Cardamom and Lemon Drizzle Cake",White Chocolate Mirror Glaze with Salted Praline Buttercream
Candice,7,1,5,IN,Brown,31,PE teacher,"Barton-Le-Clay, Bedfordshire",Raspberry and Rhubarb Drizzle Custard Bundt Cake,"Mirror Mirror On The Wall, Who Is The Shiniest Cake Of Them All?"
Kate,7,1,4,IN,Barmby,37,Nurse,"Brooke, Norfolk",Berry Best Apple and Bramble Drizzle Cake,One Swallow Does Not Make A Summer Cake
Louise,7,1,9,IN,Williams,46,Hairdresser,Cardiff,Orange Liqueur and Lemonade Drizzle Cake,White Chocolate Trifle Mirror Glaze Cake
Michael,7,1,3,IN,Georgiou,20,Student,Durham,"Lime, Ginger and Honey Drizzle Cake",Matcha Tea Chocolate Mirror Glaze
Rav,7,1,8,IN,Bansal,28,Student support,Erith,Ginger Spice Yuzu Drizzle Cake,Colombian Mocha Mirror Glaze Cake
Selasi,7,1,1,IN,Gbormittah,30,Client service associate,London,Citrus and Spice Drizzle Cake,"Raspberry, Sloe and White Chocolate Mirror Glaze Cake"
Tom,7,1,2,IN,Gilliford,26,Project engagement manager,Rochdale,G&T Drizzle Cake,Black Forest Broken Mirror
Val,7,1,10,IN,Stones,66,"Semi-retired, Substitute teacher",Yeovil,Mum's Orange and Lemon Drizzle,Chocolate Sponge with Four Fruit Frosting
Lee,7,1,11,OUT,Banfield,67,Pastor,Bolton,St. Clements Orange and Lemon Drizzle Cake,Strawberry Surprise Mirror Cake
Jane,7,1,7,STAR BAKER,Beedle,61,Garden designer,Beckenham,Lemon and Poppy Seed Drizzle Cake,Chocolate Orange Mirror Cake
Andrew,7,2,4,IN,Smyth,25,Aerospace engineer,"Derby / Holywood, County Down",Beehive Biscuits,Punting in Cambridge
Benjamina,7,2,3,IN,Ebuehi,23,Teaching assistant,South London,Bouquet Biscuits,"New York, New York"
Jane,7,2,2,IN,Beedle,61,Garden designer,Beckenham,Flower Pot Iced Biscuits,Hastings Old Town Fishing Net Shops and Boat
Kate,7,2,1,IN,Barmby,37,Nurse,"Brooke, Norfolk","""A Biscuit for the Broads""","""I Promise I will do my best"""
Michael,7,2,9,IN,Georgiou,20,Student,Durham,"Malt, Chocolate and Orange Iced ""Beer"" Biscuits",Trip to See Santa in Lapland
Rav,7,2,6,IN,Bansal,28,Student support,Erith,Union Jack Bunting Biscuits,Gingerbread Christmas Fairground
Selasi,7,2,11,IN,Gbormittah,30,Client service associate,London,"""Wheelie Hot Iced Biscuits""",Stained Glass Window Gingerbread Church
Tom,7,2,7,IN,Gilliford,26,Project engagement manager,Rochdale,Chai Frappelatteccino Biscuits,Tom and Pod's Near Death Experience
Val,7,2,5,IN,Stones,66,"Semi-retired, Substitute teacher",Yeovil,Sunday Treat Iced Ice Cream Cone Biscuits,From Holland to New York via Yorkshire
Louise,7,2,10,OUT,Williams,46,Hairdresser,Cardiff,Baa Bara Brith Biscuits,Gingerbread Wedding
Candice,7,2,8,STAR BAKER,Brown,31,PE teacher,"Barton-Le-Clay, Bedfordshire","Salted Caramel, Chocolate Iced Shiny Hearts",Gingerbread Pub with Sticky Ginger Carpet
Lee,7,2,NA,NA,NA,NA,NA,NA,NA,NA
Andrew,7,3,2,IN,Smyth,25,Aerospace engineer,"Derby / Holywood, County Down",Chocolate Barmbrack Bread,Braided Harvest Bread Basket
Benjamina,7,3,6,IN,Ebuehi,23,Teaching assistant,South London,"Chocolate, Tahini and Almond Babka",Braided Bread Heart
Candice,7,3,3,IN,Brown,31,PE teacher,"Barton-Le-Clay, Bedfordshire","Chocolate, Salted Caramel & Pecan Brittle Brioche Loaf",Italian Light and Dark Rye Twist
Jane,7,3,9,IN,Beedle,61,Garden designer,Beckenham,Chocolate and Cranberry Couronne,Chorizo and Chilli Flower with Parmesan and Pesto Centre
Kate,7,3,8,IN,Barmby,37,Nurse,"Brooke, Norfolk",Cobbled Loaf,The Corn Maiden
Rav,7,3,10,IN,Bansal,28,Student support,Erith,"Chocolate, Cardamom and Hazelnut Loaf",Three Tier Diwali Bread Centrepiece
Selasi,7,3,5,IN,Gbormittah,30,Client service associate,London,"Chocolate, Orange and Cinnamon Bread",Bedouin Escape Tear and Share Bread
Val,7,3,1,IN,Stones,66,"Semi-retired, Substitute teacher",Yeovil,Double Chocolate Cinnamon Twist Loaf,"""And They All Went Into The Ark To Get Out Of The Rain"""
Michael,7,3,7,OUT,Georgiou,20,Student,Durham,Chocolate and Chilli Swirl Plait,Cypriot Dove and Olive Branch Plaited Loaf with Houmous
Tom,7,3,4,STAR BAKER,Gilliford,26,Project engagement manager,Rochdale,Chocolate Orange and Chilli Swirl Bread,Jörmungandr and Mjölnir
Lee,7,3,NA,NA,NA,NA,NA,NA,NA,NA
Louise,7,3,NA,NA,NA,NA,NA,NA,NA,NA
Andrew,7,4,4,IN,Smyth,25,Aerospace engineer,"Derby / Holywood, County Down",Yorkshire 'Tapas' Puddings,Churros Window Box
Candice,7,4,2,IN,Brown,31,PE teacher,"Barton-Le-Clay, Bedfordshire",Yorkshire Wellingtons,Two-Way Peanut Butter Churros
Jane,7,4,3,IN,Beedle,61,Garden designer,Beckenham,Meat and Two Veg Yorkshires,Pistachio and White Chocolate Churros
Rav,7,4,9,IN,Bansal,28,Student support,Erith,Thai Tofu Panang Yorkshires,Three Dip Matcha Pistachio Churros
Selasi,7,4,8,IN,Gbormittah,30,Client service associate,London,Perfect Sunday Roast Accompaniment,Lemon and Anise Churros
Tom,7,4,5,IN,Gilliford,26,Project engagement manager,Rochdale,West Yorkshire Fusion Puddings,Fennel Churros Snake In The Grass
Val,7,4,6,IN,Stones,66,"Semi-retired, Substitute teacher",Yeovil,Mum's Chilli Yorkshire Puddings,Orange Chocolate Churros
Kate,7,4,7,OUT,Barmby,37,Nurse,"Brooke, Norfolk",Christmas Dinner Compromise,Hot Cross Bunny Churros
Benjamina,7,4,1,STAR BAKER,Ebuehi,23,Teaching assistant,South London,"Red Onion Chutney, Brie and Bacon Yorkshire Puddings",Tropical Churros
Lee,7,4,NA,NA,NA,NA,NA,NA,NA,NA
Louise,7,4,NA,NA,NA,NA,NA,NA,NA,NA
Michael,7,4,NA,NA,NA,NA,NA,NA,NA,NA
Andrew,7,5,6,IN,Smyth,25,Aerospace engineer,"Derby / Holywood, County Down",Mum and Dad's Breakfast Pastries,Spicy Chorizo Squash Parcels and Baklava Bites
Benjamina,7,5,5,IN,Ebuehi,23,Teaching assistant,South London,'Good Morning America' Swirls and Peanut Butter and Banana Pinwheels,Plantain and Spinach Samosas and Chai Pear Cups
Jane,7,5,1,IN,Beedle,61,Garden designer,Beckenham,"Orange Pain au Raisins, Raspberry, Chocolate and Almond Danish","Roquefort, Fig and Walnut Parcels and Cherry and Chocolate Cones"
Rav,7,5,8,IN,Bansal,28,Student support,Erith,"Cinnamon Swirls and Pecan, Walnut and Maple Plaits",Chinese Style Prawn Filo Tartlets and Spiced White Chocolate and Hazelnut Samosas
Selasi,7,5,3,IN,Gbormittah,30,Client service associate,London,"Rhubarb, Mango and Ginger Plait, and Pineapple and Coconut Pinwheels","Parma Ham, Asparagus and Cheese Filo Cigars and Coffee Cream Filo Cups"
Tom,7,5,4,IN,Gilliford,26,Project engagement manager,Rochdale,Mega Breakfast Bonanzas; Granola Spirals and Wheat Foldovers,Yin and Yang Amuse-bouche
Val,7,5,7,OUT,Stones,66,"Semi-retired, Substitute teacher",Yeovil,"Pecan and Maple Syrup Pinwheels and Apple, Sultana and Cinnamon Swirls","Caramelised Red Onion, Goats Cheese Tartlets and Mincemeat and Apple Spiced Parcels"
Candice,7,5,2,STAR BAKER,Brown,31,PE teacher,"Barton-Le-Clay, Bedfordshire","Danish Pastry Croque Monsieur Kites and Cinnamon Apple, Vanilla Crème Rose Danish","Sausage, Black Pudding and Apple Rounds and Banoffee Whiskey Cups"
Kate,7,5,NA,NA,NA,NA,NA,NA,NA,NA
Lee,7,5,NA,NA,NA,NA,NA,NA,NA,NA
Louise,7,5,NA,NA,NA,NA,NA,NA,NA,NA
Michael,7,5,NA,NA,NA,NA,NA,NA,NA,NA
Andrew,7,6,6,IN,Smyth,25,Aerospace engineer,"Derby / Holywood, County Down",Tangy Lime and Ginger Meringue Pie,Spring Elderflower Trio
Benjamina,7,6,2,IN,Ebuehi,23,Teaching assistant,South London,Grapefruit and Ginger Meringue Pie,Floral Tea Cake
Candice,7,6,5,IN,Brown,31,PE teacher,"Barton-Le-Clay, Bedfordshire","Lime, Coconut and Lemongrass Sugar Meringue Pie",Four Seasons Cake
Jane,7,6,4,IN,Beedle,61,Garden designer,Beckenham,Lime and Coconut Meringue Pie,Three Tier Orange Cake with a Floral Chocolate Collar
Selasi,7,6,7,IN,Gbormittah,30,Client service associate,London,"Grapefruit, Orange and Mint Meringue Pie",Three Tiered Ombré Floral Cake
Rav,7,6,3,OUT,Bansal,28,Student support,Erith,Mandarin Margarita Meringue Pie,Blossom Cake
Tom,7,6,1,STAR BAKER,Gilliford,26,Project engagement manager,Rochdale,Blood Orange Halloween Pumpkin Pie,Floral Tea Cake
Kate,7,6,NA,NA,NA,NA,NA,NA,NA,NA
Lee,7,6,NA,NA,NA,NA,NA,NA,NA,NA
Louise,7,6,NA,NA,NA,NA,NA,NA,NA,NA
Michael,7,6,NA,NA,NA,NA,NA,NA,NA,NA
Val,7,6,NA,NA,NA,NA,NA,NA,NA,NA
Benjamina,7,7,3,IN,Ebuehi,23,Teaching assistant,South London,Piña Colada Roulade,Apple Crumble Mousse Cake and Chocolate Coffee Mousse Cake
Candice,7,7,2,IN,Brown,31,PE teacher,"Barton-Le-Clay, Bedfordshire",Crowd Pleaser Roulade,Blackberry and Raspberry Bubbles and After Dinner Mousse
Jane,7,7,4,IN,Beedle,61,Garden designer,Beckenham,Chocolate and Hazelnut Roulade,"Chocolate, Coffee, and Vanilla Joconde Cakes and Blackcurrant and Vanilla Ombre Mousses"
Selasi,7,7,6,IN,Gbormittah,30,Client service associate,London,Summer Picnic Roulade,"Lemon, Strawberry and Passionfruit and Chocolate and Mint Mini Mousse Cakes"
Tom,7,7,5,OUT,Gilliford,26,Project engagement manager,Rochdale,Millionaire's Roulade,Hipster Picnic
Andrew,7,7,1,STAR BAKER,Smyth,25,Aerospace engineer,"Derby / Holywood, County Down",Tropical Holiday Roulade,Childhood Ice Cream Mousse Cakes
Kate,7,7,NA,NA,NA,NA,NA,NA,NA,NA
Lee,7,7,NA,NA,NA,NA,NA,NA,NA,NA
Louise,7,7,NA,NA,NA,NA,NA,NA,NA,NA
Michael,7,7,NA,NA,NA,NA,NA,NA,NA,NA
Rav,7,7,NA,NA,NA,NA,NA,NA,NA,NA
Val,7,7,NA,NA,NA,NA,NA,NA,NA,NA
Andrew,7,8,2,IN,Smyth,25,Aerospace engineer,"Derby / Holywood, County Down",Da Vinci Inspired Geared Pies,Jousting Knights Marchpane
Jane,7,8,5,IN,Beedle,61,Garden designer,Beckenham,Tudor Rose Pies,Swans
Selasi,7,8,3,IN,Gbormittah,30,Client service associate,London,Bouquet of Flowers,Fruity Tudor Marchpane
Benjamina,7,8,4,OUT,Ebuehi,23,Teaching assistant,South London,Mexican Adventure,Tudor Garden
Candice,7,8,1,STAR BAKER,Brown,31,PE teacher,"Barton-Le-Clay, Bedfordshire",Cheesy Cheeky Fish Pies,Peacock
Kate,7,8,NA,NA,NA,NA,NA,NA,NA,NA
Lee,7,8,NA,NA,NA,NA,NA,NA,NA,NA
Louise,7,8,NA,NA,NA,NA,NA,NA,NA,NA
Michael,7,8,NA,NA,NA,NA,NA,NA,NA,NA
Rav,7,8,NA,NA,NA,NA,NA,NA,NA,NA
Tom,7,8,NA,NA,NA,NA,NA,NA,NA,NA
Val,7,8,NA,NA,NA,NA,NA,NA,NA,NA
Candice,7,9,3,IN,Brown,31,PE teacher,"Barton-Le-Clay, Bedfordshire","Red Onion, Cambozola and Walnut Palmiers and Mushroom, Streaky Bacon, and Parmesan Palmiers",Chocolate Praline Fondant Fancies and Cherry Bakewell Fondant Fancies
Jane,7,9,1,IN,Beedle,61,Garden designer,Beckenham,"Pesto and Sundried Tomato Palmiers and Goats Cheese, Olive and Parma Ham Palmiers",Pistachio and Raspberry Fondant Fancies and Lemon Curd Surprise Fondant Fancies
Selasi,7,9,4,OUT,Gbormittah,30,Client service associate,London,"Sundried Tomato, Onion, Peppers and Parmesan Palmiers and Salmon, Spinach and Mushroom Palmiers",Lime and Ginger Fondant Fancies and Pink Velvet and Raspberry Prosecco Fondant Fancies
Andrew,7,9,2,STAR BAKER,Smyth,25,Aerospace engineer,"Derby / Holywood, County Down",Cheesy Elephant Ears and Herby Treble Clefs,Philharmonic Fondants
Benjamina,7,9,NA,NA,NA,NA,NA,NA,NA,NA
Kate,7,9,NA,NA,NA,NA,NA,NA,NA,NA
Lee,7,9,NA,NA,NA,NA,NA,NA,NA,NA
Louise,7,9,NA,NA,NA,NA,NA,NA,NA,NA
Michael,7,9,NA,NA,NA,NA,NA,NA,NA,NA
Rav,7,9,NA,NA,NA,NA,NA,NA,NA,NA
Tom,7,9,NA,NA,NA,NA,NA,NA,NA,NA
Val,7,9,NA,NA,NA,NA,NA,NA,NA,NA
Andrew,7,10,1,Runner-up,Smyth,25,Aerospace engineer,"Derby / Holywood, County Down",Crunchy Caramel Cassis Crown,Family and Friends' Favourites Picnic
Jane,7,10,3,Runner-up,Beedle,61,Garden designer,Beckenham,"Red, White and Blue Meringue Crown",Family Favourites Feast
Candice,7,10,2,WINNER,Brown,31,PE teacher,"Barton-Le-Clay, Bedfordshire",Queen Victoria's Mango and Strawberry Crown,Picnic for Pearly Kings and Queens
Benjamina,7,10,NA,NA,NA,NA,NA,NA,NA,NA
Kate,7,10,NA,NA,NA,NA,NA,NA,NA,NA
Lee,7,10,NA,NA,NA,NA,NA,NA,NA,NA
Louise,7,10,NA,NA,NA,NA,NA,NA,NA,NA
Michael,7,10,NA,NA,NA,NA,NA,NA,NA,NA
Rav,7,10,NA,NA,NA,NA,NA,NA,NA,NA
Selasi,7,10,NA,NA,NA,NA,NA,NA,NA,NA
Tom,7,10,NA,NA,NA,NA,NA,NA,NA,NA
Val,7,10,NA,NA,NA,NA,NA,NA,NA,NA
Chris,8,1,12,IN,Geiger,50,Software developer,Bristol,Tropical Fresh Fruit Cake,'Raised Pork Pie and Egg Surprise' Cake
Flo,8,1,9,IN,Atkins,71,Retired,Merseyside,Citrus Layer Cake,'One in a Melon' Cake
James,8,1,2,IN,Hillery,46,Banker,"Brentwood, Essex","Orange, Rhubarb & Ginger Crumble Cake",'Mock-accino and Croissant' Cake
Julia,8,1,3,IN,Chernogorova,21,Aviation Broker,"Crawley, West Sussex",Courgette and Lemon Cake,'Russian Doll' Cake
Kate,8,1,1,IN,Lyon,29,Health and safety inspector,Merseyside,Moroccan Strawberry and Rose Cake,'Chocolate Terrarium' Cake
Liam,8,1,8,IN,Charles,19,Student,North London,Apple and Almond Crumble Maple Loaf,'Stackin' Sunday' Cake
Sophie,8,1,5,IN,Faldo,33,Former army officer and trainee stuntwoman,"West Molesey, Surrey",Pineapple and Coconut Sandwich Cake,'Champagne Bottle and Bucket' Cake
Stacey,8,1,11,IN,Hart,42,Former school teacher,"Radlett, Hertfordshire",Granny Smith Apple and Walnut Cake,'Black Evening Clutch Bag' Cake
Tom,8,1,7,IN,Hetherington,29,Architect,Edinburgh,Gilded Pear and Cardamom Cake,'Stack of Books' Cake
Yan,8,1,4,IN,Tsou,46,Laboratory research scientist,North London,Windfall Apple Crumble Cake,'Banana-ramen' Cake
Peter,8,1,10,OUT,Abatan,52,IT programme manager,"Southend, Essex",Coconut Cake,'Bread on a Breadboard' Cake
Steven,8,1,6,STAR BAKER,Carter-Bailey,34,Marketer,"Watford, Hertfordshire",Bonfire Night Cake,'A Baker's Lunch' Cake
Flo,8,2,10,IN,Atkins,71,Retired,Merseyside,Gin Jam Butties,'Pick My Bones' Game
James,8,2,3,IN,Hillery,46,Banker,"Brentwood, Essex",Rhubarb and Custard Whirls,'Coppit' Game
Julia,8,2,4,IN,Chernogorova,21,Aviation Broker,"Crawley, West Sussex",Middle Eastern Delight Sandwich Biscuits,'A British Baking' Game
Kate,8,2,8,IN,Lyon,29,Health and safety inspector,Merseyside,Coconut Seashells for a Titanic Afternoon Tea,'Jungle' Game
Liam,8,2,7,IN,Charles,19,Student,North London,Coffee Malted Pecan Shorties,'Classroom Classics' Game
Sophie,8,2,2,IN,Faldo,33,Former army officer and trainee stuntwoman,"West Molesey, Surrey",Lemon Limoncino Sandwich Biscuits,'Snakes and Ladders' Game
Stacey,8,2,9,IN,Hart,42,Former school teacher,"Radlett, Hertfordshire",Sparkly Chocolate and Marshmallow Fluff Cookies,'Get to School' Game
Tom,8,2,5,IN,Hetherington,29,Architect,Edinburgh,Coffee and Amaretto Kisses,'Drain Pipes and Ladders' Game
Yan,8,2,1,IN,Tsou,46,Laboratory research scientist,North London,'Mrs. Marian's PB 'n' B' Biscuits,'Adventures in Bakeland' Game
Chris,8,2,11,OUT,Geiger,50,Software developer,Bristol,Chocolate Chia Seed Biscuits with Whisky Caramel Filling,'The Great British Sail Off' Game
Steven,8,2,6,STAR BAKER,Carter-Bailey,34,Marketer,"Watford, Hertfordshire",Amarpressi Biscuits,'Check Bake' Game
Peter,8,2,NA,NA,NA,NA,NA,NA,NA,NA
James,8,3,9,IN,Hillery,46,Banker,"Brentwood, Essex",Nordic Teacakes,'Owl in the Woods' Bread Sculpture
Kate,8,3,10,IN,Lyon,29,Health and safety inspector,Merseyside,Blueberry Buns,'Kraken' Bread Sculpture
Liam,8,3,5,IN,Charles,19,Student,North London,Jamaican Spiced Teacakes,'Kneadapolitan' Bread Sculpture
Sophie,8,3,6,IN,Faldo,33,Former army officer and trainee stuntwoman,"West Molesey, Surrey",Tagine Teacakes,'Picnic Basket' Bread Sculpture
Stacey,8,3,1,IN,Hart,42,Former school teacher,"Radlett, Hertfordshire",Cranberry and Cinnamon Teacakes,'Ascot Hat' Bread Sculpture
Steven,8,3,3,IN,Carter-Bailey,34,Marketer,"Watford, Hertfordshire",Madras Cocktail Teacakes,'The Bag I Knead' Bread Sculpture
Tom,8,3,4,IN,Hetherington,29,Architect,Edinburgh,Orange and Cranberry Teacakes,'Pink & Yellow Rose Centrepiece' Bread Sculpture
Yan,8,3,8,IN,Tsou,46,Laboratory research scientist,North London,'Mrs P's' Masala Chai Spiced Teacakes,'Basil the Vegetarian Dragon with his Pumpkin Hoard' Bread Sculpture
Flo,8,3,7,OUT,Atkins,71,Retired,Merseyside,Cinnamon and Orange Teacakes,'Davy Jones' Locker' Bread Sculpture
Julia,8,3,2,STAR BAKER,Chernogorova,21,Aviation Broker,"Crawley, West Sussex",Earl Grey Dried Fruit Teacakes,'The Snail Under a Mushroom' Bread Sculpture
Chris,8,3,NA,NA,NA,NA,NA,NA,NA,NA
Peter,8,3,NA,NA,NA,NA,NA,NA,NA,NA
James,8,4,2,IN,Hillery,46,Banker,"Brentwood, Essex",'Windy City' Millionaire Shortbreads,Nutty Caramel Cake
Julia,8,4,9,IN,Chernogorova,21,Aviation Broker,"Crawley, West Sussex",Pecan Salted Caramel Millionaire Shortbreads,Poppy Seed Caramel Cake
Liam,8,4,3,IN,Charles,19,Student,North London,Salted Peanut Butter Millionaire Shortbreads,White Layered Ginger Caramel Cake
Sophie,8,4,4,IN,Faldo,33,Former army officer and trainee stuntwoman,"West Molesey, Surrey",Jaffa Millionaire Shortbreads,Bird's Nest Caramel Cake
Stacey,8,4,1,IN,Hart,42,Former school teacher,"Radlett, Hertfordshire",Rum Salted Caramel Millionaire Shortbreads,Chocolate and Coffee Caramel Cake
Steven,8,4,7,IN,Carter-Bailey,34,Marketer,"Watford, Hertfordshire",Orange Macadamia Nut Millionaire Shortbreads,Caramel Crown Cake
Yan,8,4,8,IN,Tsou,46,Laboratory research scientist,North London,'Lil' Red's Ginger and Nuts' Millionaire Shortbreads,Animals of the Rainforest Caramel Cake
Tom,8,4,5,OUT,Hetherington,29,Architect,Edinburgh,Stem Ginger Caramel Shortbreads,Hummingbird Cake
Kate,8,4,6,STAR BAKER,Lyon,29,Health and safety inspector,Merseyside,Salted Bay Caramel Millionaire Shortbreads,Sticky Toffee Apple Caramel Cake
Chris,8,4,NA,NA,NA,NA,NA,NA,NA,NA
Flo,8,4,NA,NA,NA,NA,NA,NA,NA,NA
Peter,8,4,NA,NA,NA,NA,NA,NA,NA,NA
Julia,8,5,3,IN,Chernogorova,21,Aviation Broker,"Crawley, West Sussex",Orange & Treacle Steamed School Pudding,'Opulent Ornament' Trifle Terrine
Kate,8,5,8,IN,Lyon,29,Health and safety inspector,Merseyside,'Mr Darcy's Steamy Lake Scene' Steamed School Pudding,'My Great Great Nan's' Raspberry Trifle Terrine
Liam,8,5,2,IN,Charles,19,Student,North London,Cherries & Lemons that are 'Baked Well','Cheers Lads' Trifle Terrine
Stacey,8,5,4,IN,Hart,42,Former school teacher,"Radlett, Hertfordshire",Bakewell Tart Steamed School Pudding,Tropical Trifle Terrine
Steven,8,5,5,IN,Carter-Bailey,34,Marketer,"Watford, Hertfordshire",Lemon & Blackcurrant Drizzle Steamed School Pudding,'From Across the Jelly Pond' Trifle Terrine
Yan,8,5,6,IN,Tsou,46,Laboratory research scientist,North London,Mango Fruit Hat Steamed School Pudding,'Heart of a Hero' Trifle Terrine
James,8,5,7,OUT,Hillery,46,Banker,"Brentwood, Essex",Orange and Ginger Steamed School Pudding,'The Missed Silver Jubilee' Trifle Terrine
Sophie,8,5,1,STAR BAKER,Faldo,33,Former army officer and trainee stuntwoman,"West Molesey, Surrey","Ginger, Fig and Honey Steamed School Pudding","Raspberry, Yuzu & White Chocolate Bûche Trifle Terrine"
Chris,8,5,NA,NA,NA,NA,NA,NA,NA,NA
Flo,8,5,NA,NA,NA,NA,NA,NA,NA,NA
Peter,8,5,NA,NA,NA,NA,NA,NA,NA,NA
Tom,8,5,NA,NA,NA,NA,NA,NA,NA,NA
Kate,8,6,5,IN,Lyon,29,Health and safety inspector,Merseyside,'Vegetarian Pie Faces' Decorative Pies,Potato Curry Pie with Mango & Chilli Glaze
Sophie,8,6,2,IN,Faldo,33,Former army officer and trainee stuntwoman,"West Molesey, Surrey",'The Four Seasons' Decorative Pies,Game Pie with Glazed Forest Fruits
Stacey,8,6,6,IN,Hart,42,Former school teacher,"Radlett, Hertfordshire",'Love Theme' Decorative Pies,Indian Hand Raised Pie with Mango
Steven,8,6,3,IN,Carter-Bailey,34,Marketer,"Watford, Hertfordshire",'Fleetwood Mac' Decorative Pies,Christmas Pie
Yan,8,6,1,IN,Tsou,46,Laboratory research scientist,North London,'πr2' Decorative Pies,Chequerboard Pie
Julia,8,6,7,OUT,Chernogorova,21,Aviation Broker,"Crawley, West Sussex",'Pies from the Tree' Decorative Pies,'Special Occasion' Pie
Liam,8,6,4,STAR BAKER,Charles,19,Student,North London,'Standard FC' Decorative Pies,'Nan's Sunday Dinner' Pie
Chris,8,6,NA,NA,NA,NA,NA,NA,NA,NA
Flo,8,6,NA,NA,NA,NA,NA,NA,NA,NA
James,8,6,NA,NA,NA,NA,NA,NA,NA,NA
Peter,8,6,NA,NA,NA,NA,NA,NA,NA,NA
Tom,8,6,NA,NA,NA,NA,NA,NA,NA,NA
Kate,8,7,6,IN,Lyon,29,Health and safety inspector,Merseyside,'Happy Hour' Cocktail Cannoli,'Flavour Fusion' Sfogliatelle
Liam,8,7,2,IN,Charles,19,Student,North London,'Just Doing Me' Cannoli,'Morning Delivery' Sfogliatelle
Sophie,8,7,3,IN,Faldo,33,Former army officer and trainee stuntwoman,"West Molesey, Surrey",'Classics with a Twist' Cannoli,'Classics' Sfogliatelle
Stacey,8,7,4,IN,Hart,42,Former school teacher,"Radlett, Hertfordshire",My All Time Favourite Desserts,Pastry Surprise
Yan,8,7,5,OUT,Tsou,46,Laboratory research scientist,North London,Cannoli Cocktails,Canadian-Style Sfogliatelle
Steven,8,7,1,STAR BAKER,Carter-Bailey,34,Marketer,"Watford, Hertfordshire",Italian Style Cannoli,'Sicilian-style' Sfogliatelle
Chris,8,7,NA,NA,NA,NA,NA,NA,NA,NA
Flo,8,7,NA,NA,NA,NA,NA,NA,NA,NA
James,8,7,NA,NA,NA,NA,NA,NA,NA,NA
Julia,8,7,NA,NA,NA,NA,NA,NA,NA,NA
Peter,8,7,NA,NA,NA,NA,NA,NA,NA,NA
Tom,8,7,NA,NA,NA,NA,NA,NA,NA,NA
Kate,8,8,2,IN,Lyon,29,Health and safety inspector,Merseyside,Burrito Bedfordshire Clangers,'Liver Building Turret' Savoy Cake
Sophie,8,8,4,IN,Faldo,33,Former army officer and trainee stuntwoman,"West Molesey, Surrey",Char Siu & Banana Praline Bedfordshire Clangers,Citrus with Green Apple Croquembouche Savoy Cake
Steven,8,8,1,IN,Carter-Bailey,34,Marketer,"Watford, Hertfordshire",'Mediterranean Medley' Bedfordshire Clangers,Chestnut Rum Savoy Cake
Liam,8,8,5,OUT,Charles,19,Student,North London,'Take Out' Bedfordshire Clangers,'Fort Wizardore' Savoy Cake
Stacey,8,8,3,STAR BAKER,Hart,42,Former school teacher,"Radlett, Hertfordshire",Camembert & Onion and Apple & Blueberry Bedfordshire Clangers,'Bright' Lemon & Orange Savoy Cake
Chris,8,8,NA,NA,NA,NA,NA,NA,NA,NA
Flo,8,8,NA,NA,NA,NA,NA,NA,NA,NA
James,8,8,NA,NA,NA,NA,NA,NA,NA,NA
Julia,8,8,NA,NA,NA,NA,NA,NA,NA,NA
Peter,8,8,NA,NA,NA,NA,NA,NA,NA,NA
Tom,8,8,NA,NA,NA,NA,NA,NA,NA,NA
Yan,8,8,NA,NA,NA,NA,NA,NA,NA,NA
Kate,8,9,4,IN,Lyon,29,Health and safety inspector,Merseyside,Bellini and Valencian Orange Choux Buns,'Rainbow' Meringue Centrepiece
Steven,8,9,3,IN,Carter-Bailey,34,Marketer,"Watford, Hertfordshire",Key Lime Cheesecake and Bakewell Tart Choux Buns,'Some Air Over the Rainbow' Meringue Centrepiece
Stacey,8,9,2,OUT,Hart,42,Former school teacher,"Radlett, Hertfordshire",'Choux-nicorn and Choux-moji' Choux Buns,'Flamingos in Love' Meringue Centrepiece
Sophie,8,9,1,STAR BAKER,Faldo,33,Former army officer and trainee stuntwoman,"West Molesey, Surrey",Strawberry & Rhubarb and Chestnut & Vanilla Choux Buns,'Tutu with Opera Filling' Meringue Centrepiece
Chris,8,9,NA,NA,NA,NA,NA,NA,NA,NA
Flo,8,9,NA,NA,NA,NA,NA,NA,NA,NA
James,8,9,NA,NA,NA,NA,NA,NA,NA,NA
Julia,8,9,NA,NA,NA,NA,NA,NA,NA,NA
Liam,8,9,NA,NA,NA,NA,NA,NA,NA,NA
Peter,8,9,NA,NA,NA,NA,NA,NA,NA,NA
Tom,8,9,NA,NA,NA,NA,NA,NA,NA,NA
Yan,8,9,NA,NA,NA,NA,NA,NA,NA,NA
Kate,8,10,3,Runner-up,Lyon,29,Health and safety inspector,Merseyside,"Roman Spelt, Coconut Kala Chana and Flower Breads","White Chocolate, Yuzu and Lychee Entremet"
Steven,8,10,1,Runner-up,Carter-Bailey,34,Marketer,"Watford, Hertfordshire","Spelt & Rye, Toasted Garlic & Fontina and Sweet Chocolate Breads",'Yin Yang' Entremet
Sophie,8,10,2,WINNER,Faldo,33,Former army officer and trainee stuntwoman,"West Molesey, Surrey","Spelt Boules, Mushroom Ciabatta and Orange Plaited Brioche",'Ode to the Honey Bee' Entremet
Chris,8,10,NA,NA,NA,NA,NA,NA,NA,NA
Flo,8,10,NA,NA,NA,NA,NA,NA,NA,NA
James,8,10,NA,NA,NA,NA,NA,NA,NA,NA
Julia,8,10,NA,NA,NA,NA,NA,NA,NA,NA
Liam,8,10,NA,NA,NA,NA,NA,NA,NA,NA
Peter,8,10,NA,NA,NA,NA,NA,NA,NA,NA
Stacey,8,10,NA,NA,NA,NA,NA,NA,NA,NA
Tom,8,10,NA,NA,NA,NA,NA,NA,NA,NA
Yan,8,10,NA,NA,NA,NA,NA,NA,NA,NA
Antony,9,1,12,IN,NA,NA,NA,NA,NA,NA
Briony,9,1,2,IN,NA,NA,NA,NA,NA,NA
Dan,9,1,4,IN,NA,NA,NA,NA,NA,NA
Jon,9,1,5,IN,NA,NA,NA,NA,NA,NA
Karen,9,1,6,IN,NA,NA,NA,NA,NA,NA
Kim-Joy,9,1,10,IN,NA,NA,NA,NA,NA,NA
Luke,9,1,8,IN,NA,NA,NA,NA,NA,NA
Rahul,9,1,7,IN,NA,NA,NA,NA,NA,NA
Ruby,9,1,1,IN,NA,NA,NA,NA,NA,NA
Terry,9,1,9,IN,NA,NA,NA,NA,NA,NA
Imelda,9,1,11,OUT,NA,NA,NA,NA,NA,NA
Manon,9,1,3,STAR BAKER,NA,NA,NA,NA,NA,NA
Antony,9,2,9,IN,NA,NA,NA,NA,NA,NA
Briony,9,2,5,IN,NA,NA,NA,NA,NA,NA
Dan,9,2,3,IN,NA,NA,NA,NA,NA,NA
Jon,9,2,1,IN,NA,NA,NA,NA,NA,NA
Karen,9,2,11,IN,NA,NA,NA,NA,NA,NA
Kim-Joy,9,2,4,IN,NA,NA,NA,NA,NA,NA
Manon,9,2,6,IN,NA,NA,NA,NA,NA,NA
Ruby,9,2,10,IN,NA,NA,NA,NA,NA,NA
Terry,9,2,8,IN,NA,NA,NA,NA,NA,NA
Luke,9,2,7,OUT,NA,NA,NA,NA,NA,NA
Rahul,9,2,2,STAR BAKER,NA,NA,NA,NA,NA,NA
Imelda,9,2,NA,NA,NA,NA,NA,NA,NA,NA
Briony,9,3,9,IN,NA,NA,NA,NA,NA,NA
Dan,9,3,6,IN,NA,NA,NA,NA,NA,NA
Jon,9,3,2,IN,NA,NA,NA,NA,NA,NA
Karen,9,3,5,IN,NA,NA,NA,NA,NA,NA
Kim-Joy,9,3,10,IN,NA,NA,NA,NA,NA,NA
Manon,9,3,3,IN,NA,NA,NA,NA,NA,NA
Ruby,9,3,7,IN,NA,NA,NA,NA,NA,NA
Terry,9,3,1,IN,NA,NA,NA,NA,NA,NA
Antony,9,3,8,OUT,NA,NA,NA,NA,NA,NA
Rahul,9,3,4,STAR BAKER,NA,NA,NA,NA,NA,NA
Imelda,9,3,NA,NA,NA,NA,NA,NA,NA,NA
Luke,9,3,NA,NA,NA,NA,NA,NA,NA,NA
Terry,9,4,NA,[a],NA,NA,NA,NA,NA,NA
Briony,9,4,5,IN,NA,NA,NA,NA,NA,NA
Jon,9,4,3,IN,NA,NA,NA,NA,NA,NA
Karen,9,4,7,IN,NA,NA,NA,NA,NA,NA
Kim-Joy,9,4,6,IN,NA,NA,NA,NA,NA,NA
Manon,9,4,8,IN,NA,NA,NA,NA,NA,NA
Rahul,9,4,4,IN,NA,NA,NA,NA,NA,NA
Ruby,9,4,2,IN,NA,NA,NA,NA,NA,NA
Dan,9,4,1,STAR BAKER,NA,NA,NA,NA,NA,NA
Antony,9,4,NA,NA,NA,NA,NA,NA,NA,NA
Imelda,9,4,NA,NA,NA,NA,NA,NA,NA,NA
Luke,9,4,NA,NA,NA,NA,NA,NA,NA,NA
Briony,9,5,6,IN,NA,NA,NA,NA,NA,NA
Dan,9,5,2,IN,NA,NA,NA,NA,NA,NA
Jon,9,5,7,IN,NA,NA,NA,NA,NA,NA
Manon,9,5,5,IN,NA,NA,NA,NA,NA,NA
Rahul,9,5,3,IN,NA,NA,NA,NA,NA,NA
Ruby,9,5,1,IN,NA,NA,NA,NA,NA,NA
Karen,9,5,9,OUT,NA,NA,NA,NA,NA,NA
Terry,9,5,8,OUT,NA,NA,NA,NA,NA,NA
Kim-Joy,9,5,4,STAR BAKER,NA,NA,NA,NA,NA,NA
Antony,9,5,NA,NA,NA,NA,NA,NA,NA,NA
Imelda,9,5,NA,NA,NA,NA,NA,NA,NA,NA
Luke,9,5,NA,NA,NA,NA,NA,NA,NA,NA
Jon,9,6,2,IN,NA,NA,NA,NA,NA,NA
Kim-Joy,9,6,5,IN,NA,NA,NA,NA,NA,NA
Manon,9,6,4,IN,NA,NA,NA,NA,NA,NA
Rahul,9,6,3,IN,NA,NA,NA,NA,NA,NA
Ruby,9,6,7,IN,NA,NA,NA,NA,NA,NA
Dan,9,6,6,OUT,NA,NA,NA,NA,NA,NA
Briony,9,6,1,STAR BAKER,NA,NA,NA,NA,NA,NA
Antony,9,6,NA,NA,NA,NA,NA,NA,NA,NA
Imelda,9,6,NA,NA,NA,NA,NA,NA,NA,NA
Karen,9,6,NA,NA,NA,NA,NA,NA,NA,NA
Luke,9,6,NA,NA,NA,NA,NA,NA,NA,NA
Terry,9,6,NA,NA,NA,NA,NA,NA,NA,NA
Briony,9,7,5,IN,NA,NA,NA,NA,NA,NA
Manon,9,7,2,IN,NA,NA,NA,NA,NA,NA
Rahul,9,7,1,IN,NA,NA,NA,NA,NA,NA
Ruby,9,7,3,IN,NA,NA,NA,NA,NA,NA
Jon,9,7,4,OUT,NA,NA,NA,NA,NA,NA
Kim-Joy,9,7,6,STAR BAKER,NA,NA,NA,NA,NA,NA
Antony,9,7,NA,NA,NA,NA,NA,NA,NA,NA
Dan,9,7,NA,NA,NA,NA,NA,NA,NA,NA
Imelda,9,7,NA,NA,NA,NA,NA,NA,NA,NA
Karen,9,7,NA,NA,NA,NA,NA,NA,NA,NA
Luke,9,7,NA,NA,NA,NA,NA,NA,NA,NA
Terry,9,7,NA,NA,NA,NA,NA,NA,NA,NA
Briony,9,8,1,IN,NA,NA,NA,NA,NA,NA
Kim-Joy,9,8,2,IN,NA,NA,NA,NA,NA,NA
Rahul,9,8,5,IN,NA,NA,NA,NA,NA,NA
Manon,9,8,4,OUT,NA,NA,NA,NA,NA,NA
Ruby,9,8,3,STAR BAKER,NA,NA,NA,NA,NA,NA
Antony,9,8,NA,NA,NA,NA,NA,NA,NA,NA
Dan,9,8,NA,NA,NA,NA,NA,NA,NA,NA
Imelda,9,8,NA,NA,NA,NA,NA,NA,NA,NA
Jon,9,8,NA,NA,NA,NA,NA,NA,NA,NA
Karen,9,8,NA,NA,NA,NA,NA,NA,NA,NA
Luke,9,8,NA,NA,NA,NA,NA,NA,NA,NA
Terry,9,8,NA,NA,NA,NA,NA,NA,NA,NA
Kim-Joy,9,9,2,IN,NA,NA,NA,NA,NA,NA
Rahul,9,9,4,IN,NA,NA,NA,NA,NA,NA
Briony,9,9,3,OUT,NA,NA,NA,NA,NA,NA
Ruby,9,9,1,STAR BAKER,NA,NA,NA,NA,NA,NA
Antony,9,9,NA,NA,NA,NA,NA,NA,NA,NA
Dan,9,9,NA,NA,NA,NA,NA,NA,NA,NA
Imelda,9,9,NA,NA,NA,NA,NA,NA,NA,NA
Jon,9,9,NA,NA,NA,NA,NA,NA,NA,NA
Karen,9,9,NA,NA,NA,NA,NA,NA,NA,NA
Luke,9,9,NA,NA,NA,NA,NA,NA,NA,NA
Manon,9,9,NA,NA,NA,NA,NA,NA,NA,NA
Terry,9,9,NA,NA,NA,NA,NA,NA,NA,NA
Kim-Joy,9,10,1,Runner-up,NA,NA,NA,NA,NA,NA
Ruby,9,10,3,Runner-up,NA,NA,NA,NA,NA,NA
Rahul,9,10,2,WINNER,NA,NA,NA,NA,NA,NA
Antony,9,10,NA,NA,NA,NA,NA,NA,NA,NA
Briony,9,10,NA,NA,NA,NA,NA,NA,NA,NA
Dan,9,10,NA,NA,NA,NA,NA,NA,NA,NA
Imelda,9,10,NA,NA,NA,NA,NA,NA,NA,NA
Jon,9,10,NA,NA,NA,NA,NA,NA,NA,NA
Karen,9,10,NA,NA,NA,NA,NA,NA,NA,NA
Luke,9,10,NA,NA,NA,NA,NA,NA,NA,NA
Manon,9,10,NA,NA,NA,NA,NA,NA,NA,NA
Terry,9,10,NA,NA,NA,NA,NA,NA,NA,NA
Alice,10,1,5,IN,NA,NA,NA,NA,NA,NA
Amelia,10,1,4,IN,NA,NA,NA,NA,NA,NA
David,10,1,10,IN,NA,NA,NA,NA,NA,NA
Helena,10,1,12,IN,NA,NA,NA,NA,NA,NA
Henry,10,1,1,IN,NA,NA,NA,NA,NA,NA
Jamie,10,1,13,IN,NA,NA,NA,NA,NA,NA
Michael,10,1,11,IN,NA,NA,NA,NA,NA,NA
Phil,10,1,8,IN,NA,NA,NA,NA,NA,NA
Priya,10,1,7,IN,NA,NA,NA,NA,NA,NA
Rosie,10,1,2,IN,NA,NA,NA,NA,NA,NA
Steph,10,1,3,IN,NA,NA,NA,NA,NA,NA
Dan,10,1,9,OUT,NA,NA,NA,NA,NA,NA
Michelle,10,1,6,STAR BAKER,NA,NA,NA,NA,NA,NA
Amelia,10,2,9,IN,NA,NA,NA,NA,NA,NA
David,10,2,2,IN,NA,NA,NA,NA,NA,NA
Helena,10,2,12,IN,NA,NA,NA,NA,NA,NA
Henry,10,2,6,IN,NA,NA,NA,NA,NA,NA
Michael,10,2,4,IN,NA,NA,NA,NA,NA,NA
Michelle,10,2,8,IN,NA,NA,NA,NA,NA,NA
Phil,10,2,3,IN,NA,NA,NA,NA,NA,NA
Priya,10,2,7,IN,NA,NA,NA,NA,NA,NA
Rosie,10,2,5,IN,NA,NA,NA,NA,NA,NA
Steph,10,2,10,IN,NA,NA,NA,NA,NA,NA
Jamie,10,2,11,OUT,NA,NA,NA,NA,NA,NA
Alice,10,2,1,STAR BAKER,NA,NA,NA,NA,NA,NA
Dan,10,2,NA,NA,NA,NA,NA,NA,NA,NA
Alice,10,3,7,IN,NA,NA,NA,NA,NA,NA
David,10,3,2,IN,NA,NA,NA,NA,NA,NA
Helena,10,3,8,IN,NA,NA,NA,NA,NA,NA
Henry,10,3,1,IN,NA,NA,NA,NA,NA,NA
Michelle,10,3,5,IN,NA,NA,NA,NA,NA,NA
Phil,10,3,10,IN,NA,NA,NA,NA,NA,NA
Priya,10,3,4,IN,NA,NA,NA,NA,NA,NA
Rosie,10,3,9,IN,NA,NA,NA,NA,NA,NA
Steph,10,3,3,IN,NA,NA,NA,NA,NA,NA
Amelia,10,3,11,OUT,NA,NA,NA,NA,NA,NA
Michael,10,3,6,STAR BAKER,NA,NA,NA,NA,NA,NA
Dan,10,3,NA,NA,NA,NA,NA,NA,NA,NA
Jamie,10,3,NA,NA,NA,NA,NA,NA,NA,NA
Alice,10,4,8,IN,NA,NA,NA,NA,NA,NA
David,10,4,2,IN,NA,NA,NA,NA,NA,NA
Helena,10,4,9,IN,NA,NA,NA,NA,NA,NA
Henry,10,4,3,IN,NA,NA,NA,NA,NA,NA
Michael,10,4,7,IN,NA,NA,NA,NA,NA,NA
Michelle,10,4,5,IN,NA,NA,NA,NA,NA,NA
Priya,10,4,10,IN,NA,NA,NA,NA,NA,NA
Rosie,10,4,4,IN,NA,NA,NA,NA,NA,NA
Phil,10,4,6,OUT,NA,NA,NA,NA,NA,NA
Steph,10,4,1,STAR BAKER,NA,NA,NA,NA,NA,NA
Amelia,10,4,NA,NA,NA,NA,NA,NA,NA,NA
Dan,10,4,NA,NA,NA,NA,NA,NA,NA,NA
Jamie,10,4,NA,NA,NA,NA,NA,NA,NA,NA
Alice,10,5,6,IN,NA,NA,NA,NA,NA,NA
David,10,5,9,IN,NA,NA,NA,NA,NA,NA
Henry,10,5,3,IN,NA,NA,NA,NA,NA,NA
Michael,10,5,8,IN,NA,NA,NA,NA,NA,NA
Priya,10,5,2,IN,NA,NA,NA,NA,NA,NA
Rosie,10,5,5,IN,NA,NA,NA,NA,NA,NA
Helena,10,5,1,OUT,NA,NA,NA,NA,NA,NA
Michelle,10,5,7,OUT,NA,NA,NA,NA,NA,NA
Steph,10,5,4,STAR BAKER,NA,NA,NA,NA,NA,NA
Amelia,10,5,NA,NA,NA,NA,NA,NA,NA,NA
Dan,10,5,NA,NA,NA,NA,NA,NA,NA,NA
Jamie,10,5,NA,NA,NA,NA,NA,NA,NA,NA
Phil,10,5,NA,NA,NA,NA,NA,NA,NA,NA
Alice,10,6,1,IN,NA,NA,NA,NA,NA,NA
David,10,6,2,IN,NA,NA,NA,NA,NA,NA
Henry,10,6,4,IN,NA,NA,NA,NA,NA,NA
Michael,10,6,6,IN,NA,NA,NA,NA,NA,NA
Rosie,10,6,5,IN,NA,NA,NA,NA,NA,NA
Priya,10,6,7,OUT,NA,NA,NA,NA,NA,NA
Steph,10,6,3,STAR BAKER,NA,NA,NA,NA,NA,NA
Amelia,10,6,NA,NA,NA,NA,NA,NA,NA,NA
Dan,10,6,NA,NA,NA,NA,NA,NA,NA,NA
Helena,10,6,NA,NA,NA,NA,NA,NA,NA,NA
Jamie,10,6,NA,NA,NA,NA,NA,NA,NA,NA
Michelle,10,6,NA,NA,NA,NA,NA,NA,NA,NA
Phil,10,6,NA,NA,NA,NA,NA,NA,NA,NA
Alice,10,7,6,IN,NA,NA,NA,NA,NA,NA
David,10,7,2,IN,NA,NA,NA,NA,NA,NA
Rosie,10,7,1,IN,NA,NA,NA,NA,NA,NA
Steph,10,7,4,IN,NA,NA,NA,NA,NA,NA
Michael,10,7,5,OUT,NA,NA,NA,NA,NA,NA
Henry,10,7,3,STAR BAKER,NA,NA,NA,NA,NA,NA
Amelia,10,7,NA,NA,NA,NA,NA,NA,NA,NA
Dan,10,7,NA,NA,NA,NA,NA,NA,NA,NA
Helena,10,7,NA,NA,NA,NA,NA,NA,NA,NA
Jamie,10,7,NA,NA,NA,NA,NA,NA,NA,NA
Michelle,10,7,NA,NA,NA,NA,NA,NA,NA,NA
Phil,10,7,NA,NA,NA,NA,NA,NA,NA,NA
Priya,10,7,NA,NA,NA,NA,NA,NA,NA,NA
Alice,10,8,3,IN,NA,NA,NA,NA,NA,NA
David,10,8,1,IN,NA,NA,NA,NA,NA,NA
Rosie,10,8,2,IN,NA,NA,NA,NA,NA,NA
Henry,10,8,5,OUT,NA,NA,NA,NA,NA,NA
Steph,10,8,4,STAR BAKER,NA,NA,NA,NA,NA,NA
Amelia,10,8,NA,NA,NA,NA,NA,NA,NA,NA
Dan,10,8,NA,NA,NA,NA,NA,NA,NA,NA
Helena,10,8,NA,NA,NA,NA,NA,NA,NA,NA
Jamie,10,8,NA,NA,NA,NA,NA,NA,NA,NA
Michael,10,8,NA,NA,NA,NA,NA,NA,NA,NA
Michelle,10,8,NA,NA,NA,NA,NA,NA,NA,NA
Phil,10,8,NA,NA,NA,NA,NA,NA,NA,NA
Priya,10,8,NA,NA,NA,NA,NA,NA,NA,NA
David,10,9,2,IN,NA,NA,NA,NA,NA,NA
Steph,10,9,3,IN,NA,NA,NA,NA,NA,NA
Rosie,10,9,1,OUT,NA,NA,NA,NA,NA,NA
Alice,10,9,4,STAR BAKER,NA,NA,NA,NA,NA,NA
Amelia,10,9,NA,NA,NA,NA,NA,NA,NA,NA
Dan,10,9,NA,NA,NA,NA,NA,NA,NA,NA
Helena,10,9,NA,NA,NA,NA,NA,NA,NA,NA
Henry,10,9,NA,NA,NA,NA,NA,NA,NA,NA
Jamie,10,9,NA,NA,NA,NA,NA,NA,NA,NA
Michael,10,9,NA,NA,NA,NA,NA,NA,NA,NA
Michelle,10,9,NA,NA,NA,NA,NA,NA,NA,NA
Phil,10,9,NA,NA,NA,NA,NA,NA,NA,NA
Priya,10,9,NA,NA,NA,NA,NA,NA,NA,NA
Alice,10,10,2,Runner-up,NA,NA,NA,NA,NA,NA
Steph,10,10,3,Runner-up,NA,NA,NA,NA,NA,NA
David,10,10,1,WINNER,NA,NA,NA,NA,NA,NA
Amelia,10,10,NA,NA,NA,NA,NA,NA,NA,NA
Dan,10,10,NA,NA,NA,NA,NA,NA,NA,NA
Helena,10,10,NA,NA,NA,NA,NA,NA,NA,NA
Henry,10,10,NA,NA,NA,NA,NA,NA,NA,NA
Jamie,10,10,NA,NA,NA,NA,NA,NA,NA,NA
Michael,10,10,NA,NA,NA,NA,NA,NA,NA,NA
Michelle,10,10,NA,NA,NA,NA,NA,NA,NA,NA
Phil,10,10,NA,NA,NA,NA,NA,NA,NA,NA
Priya,10,10,NA,NA,NA,NA,NA,NA,NA,NA
Rosie,10,10,NA,NA,NA,NA,NA,NA,NA,NA
